{"sampling_mode":"Linear","iters":[5.572237004020853e17,1.1144474008041706e18,1.6716711012062559e18,2.2288948016083412e18,2.7861185020104264e18,3.3433422024125117e18,3.900565902814597e18,4.4577896032166825e18,5.015013303618768e18,5.572237004020853e18],"times":[14283947.0,11378084.0,11899246.0,11733466.0,11429142.0,11343756.0,11932395.0,11531282.0,11431150.0,11890838.0]}