{"sampling_mode":"Linear","iters":[5.5874719303892346e17,1.1174943860778469e18,1.6762415791167703e18,2.2349887721556938e18,2.7937359651946173e18,3.3524831582335406e18,3.9112303512724644e18,4.4699775443113876e18,5.028724737350311e18,5.587471930389235e18],"times":[11206726.0,10598682.0,10283615.0,10033001.0,10953782.0,10422013.0,9811674.0,8905219.0,8056289.0,8018131.0]}