{"sampling_mode":"Linear","iters":[5.5882290231848403e17,1.1176458046369681e18,1.6764687069554522e18,2.2352916092739361e18,2.7941145115924204e18,3.3529374139109043e18,3.9117603162293883e18,4.4705832185478723e18,5.029406120866356e18,5.588229023184841e18],"times":[16518254.0,18178095.0,18495633.0,15807844.0,16539264.0,24997839.0,25048648.0,25037519.0,24416044.0,15811968.0]}