{"sampling_mode":"Linear","iters":[5.525728256353365e17,1.105145651270673e18,1.6577184769060096e18,2.210291302541346e18,2.7628641281766825e18,3.315436953812019e18,3.8680097794473554e18,4.420582605082692e18,4.973155430718029e18,5.525728256353365e18],"times":[26289791.0,26027316.0,26035952.0,25874757.0,26089056.0,26050758.0,27652276.0,29062298.0,38998251.0,28047889.0]}