{"sampling_mode":"Linear","iters":[4308424451591239.0,8616848903182478.0,1.2925273354773716e16,1.7233697806364956e16,2.1542122257956196e16,2.585054670954743e16,3.015897116113867e16,3.446739561272991e16,3.877582006432115e16,4.308424451591239e16],"times":[24987060.0,42268162.0,28007597.0,25550172.0,21013611.0,21876828.0,29069990.0,22362819.0,23943347.0,18723467.0]}