{"sampling_mode":"Linear","iters":[5.5835179523418426e17,1.1167035904683685e18,1.6750553857025528e18,2.233407180936737e18,2.7917589761709215e18,3.3501107714051057e18,3.90846256663929e18,4.466814361873474e18,5.025166157107659e18,5.583517952341843e18],"times":[3202535.0,3199556.0,3172412.0,3159408.0,3147840.0,3158171.0,3155875.0,3167115.0,3157833.0,3152102.0]}