{"sampling_mode":"Linear","iters":[5.5895046404226214e17,1.1179009280845243e18,1.6768513921267866e18,2.2358018561690486e18,2.7947523202113106e18,3.353702784253573e18,3.912653248295835e18,4.471603712338097e18,5.03055417638036e18,5.589504640422621e18],"times":[487168.0,485543.0,486495.0,485847.0,492070.0,707005.0,1469135.0,622632.0,487961.0,485389.0]}