{"sampling_mode":"Linear","iters":[5.589680894108494e17,1.1179361788216988e18,1.6769042682325484e18,2.2358723576433976e18,2.794840447054247e18,3.3538085364650967e18,3.912776625875946e18,4.4717447152867953e18,5.030712804697645e18,5.589680894108494e18],"times":[866029.0,870293.0,861168.0,858969.0,866885.0,861876.0,853718.0,866334.0,860107.0,866394.0]}