{"sampling_mode":"Linear","iters":[5.572796388780483e17,1.1145592777560966e18,1.671838916634145e18,2.2291185555121933e18,2.786398194390242e18,3.34367783326829e18,3.9009574721463383e18,4.4582371110243866e18,5.015516749902435e18,5.572796388780484e18],"times":[9096972.0,8231508.0,6629981.0,6059178.0,6068378.0,6094355.0,6112100.0,6072280.0,6069375.0,6209241.0]}