{"sampling_mode":"Linear","iters":[1.7357163351943538e16,3.4714326703887076e16,5.2071490055830616e16,6.942865340777415e16,8.67858167597177e16,1.0414298011166123e17,1.2150014346360477e17,1.388573068155483e17,1.5621447016749184e17,1.735716335194354e17],"times":[47066725.0,34986392.0,50207698.0,40628365.0,35522409.0,45477162.0,46468479.0,36629084.0,41828926.0,44916406.0]}