{"sampling_mode":"Linear","iters":[5.5275432294572525e17,1.1055086458914505e18,1.6582629688371758e18,2.211017291782901e18,2.763771614728626e18,3.3165259376743516e18,3.8692802606200765e18,4.422034583565802e18,4.974788906511527e18,5.527543229457252e18],"times":[7034164.0,6966333.0,6963277.0,6959468.0,6969449.0,6969955.0,6966071.0,6964707.0,6962880.0,6978629.0]}