{"sampling_mode":"Linear","iters":[8690639463347319.0,1.7381278926694638e16,2.6071918390041956e16,3.4762557853389276e16,4.345319731673659e16,5.214383678008391e16,6.083447624343123e16,6.952511570677855e16,7.821575517012587e16,8.690639463347318e16],"times":[18530405.0,18276223.0,18258003.0,18328876.0,18264449.0,18321613.0,18214217.0,18287365.0,19686751.0,20978840.0]}