{"mean":{"confidence_interval":{"confidence_level":0.95,"lower_bound":254855208.11833334,"upper_bound":289892287.7291667},"point_estimate":270302672.40000004,"standard_error":9071411.435505887},"median":{"confidence_interval":{"confidence_level":0.95,"lower_bound":253399256.5,"upper_bound":283502565.6666666},"point_estimate":259015143.33333334,"standard_error":9085040.14151051},"median_abs_dev":{"confidence_interval":{"confidence_level":0.95,"lower_bound":679773.5705316067,"upper_bound":38648253.274956286},"point_estimate":17909816.330537193,"standard_error":10660986.70594438},"slope":null,"std_dev":{"confidence_interval":{"confidence_level":0.95,"lower_bound":10831679.021809652,"upper_bound":42984090.35104968},"point_estimate":30247356.22049705,"standard_error":9424750.266292185}}