{"sampling_mode":"Linear","iters":[5.5725850941349146e17,1.1145170188269829e18,1.6717755282404744e18,2.2290340376539658e18,2.7862925470674575e18,3.3435510564809487e18,3.90080956589444e18,4.4580680753079316e18,5.015326584721423e18,5.572585094134915e18],"times":[3803362.0,3433146.0,3299383.0,3297556.0,3297022.0,3299894.0,3305350.0,3302041.0,3299074.0,3300720.0]}