{"sampling_mode":"Linear","iters":[5.586977800131877e17,1.1173955600263754e18,1.6760933400395633e18,2.2347911200527508e18,2.7934889000659384e18,3.3521866800791265e18,3.910884460092314e18,4.4695822401055017e18,5.02828002011869e18,5.586977800131877e18],"times":[2086764.0,2045273.0,2270099.0,2690003.0,4452778.0,2688106.0,2425160.0,3758344.0,2963778.0,2037170.0]}