{"sampling_mode":"Linear","iters":[5.5830705506654304e17,1.1166141101330861e18,1.674921165199629e18,2.2332282202661722e18,2.791535275332715e18,3.349842330399258e18,3.908149385465801e18,4.4664564405323443e18,5.024763495598887e18,5.58307055066543e18],"times":[4407401.0,4546318.0,4863678.0,4400035.0,4373935.0,4203158.0,4220478.0,4228612.0,4211755.0,4227234.0]}