{"sampling_mode":"Linear","iters":[1.7403705770895762e16,3.4807411541791524e16,5.221111731268729e16,6.961482308358305e16,8.701852885447882e16,1.0442223462537458e17,1.2182594039627034e17,1.392296461671661e17,1.5663335193806186e17,1.7403705770895763e17],"times":[34680070.0,34537156.0,34247845.0,34093147.0,34317127.0,34371041.0,34616096.0,34426351.0,34439019.0,40146425.0]}