{"sampling_mode":"Linear","iters":[1.7200053995872424e16,3.440010799174485e16,5.160016198761727e16,6.88002159834897e16,8.600026997936211e16,1.0320032397523454e17,1.2040037797110698e17,1.376004319669794e17,1.548004859628518e17,1.7200053995872422e17],"times":[50371056.0,47762328.0,49108206.0,49780381.0,48056009.0,52307241.0,51189511.0,49448590.0,47580867.0,47405297.0]}