{"sampling_mode":"Linear","iters":[5.584075097231453e17,1.1168150194462906e18,1.675222529169436e18,2.233630038892581e18,2.7920375486157266e18,3.350445058338872e18,3.908852568062017e18,4.467260077785162e18,5.025667587508308e18,5.584075097231453e18],"times":[11078452.0,8512963.0,12339000.0,12424489.0,8746255.0,8947013.0,12618054.0,13061807.0,12179023.0,12295067.0]}