{"sampling_mode":"Linear","iters":[5.575980324851517e17,1.1151960649703034e18,1.672794097455455e18,2.2303921299406067e18,2.787990162425758e18,3.34558819491091e18,3.9031862273960617e18,4.4607842598812134e18,5.018382292366365e18,5.575980324851516e18],"times":[22189177.0,23020903.0,15801225.0,15483666.0,15581524.0,15422885.0,15406216.0,15400795.0,16191044.0,15506530.0]}