{"sampling_mode":"Linear","iters":[5.5785532267957184e17,1.1157106453591437e18,1.6735659680387154e18,2.2314212907182874e18,2.7892766133978593e18,3.347131936077431e18,3.904987258757003e18,4.4628425814365747e18,5.020697904116146e18,5.578553226795719e18],"times":[6407650.0,8948888.0,8614914.0,8821547.0,8658963.0,8806715.0,8720846.0,8878927.0,8620586.0,8838867.0]}