{"sampling_mode":"Linear","iters":[5.553264372929503e17,1.1106528745859005e18,1.6659793118788508e18,2.221305749171801e18,2.7766321864647516e18,3.3319586237577016e18,3.8872850610506516e18,4.442611498343602e18,4.997937935636553e18,5.553264372929503e18],"times":[40044173.0,26346443.0,25907210.0,26125146.0,25957581.0,26019335.0,25989356.0,26028710.0,25844581.0,26045704.0]}