{"mean":{"confidence_interval":{"confidence_level":0.95,"lower_bound":9.187658754937674e-12,"upper_bound":2.5096333649749132e-11},"point_estimate":1.6264377613072004e-11,"standard_error":4.094317716772515e-12},"median":{"confidence_interval":{"confidence_level":0.95,"lower_bound":6.33097379699001e-12,"upper_bound":2.4211202684644667e-11},"point_estimate":9.747379499464496e-12,"standard_error":5.160171694447802e-12},"median_abs_dev":{"confidence_interval":{"confidence_level":0.95,"lower_bound":9.612363812058458e-13,"upper_bound":2.1734376407943016e-11},"point_estimate":6.101521161398613e-12,"standard_error":5.61364655640852e-12},"slope":{"confidence_interval":{"confidence_level":0.95,"lower_bound":6.5580932528898215e-12,"upper_bound":1.1784803869815898e-11},"point_estimate":8.013102845286909e-12,"standard_error":1.3707641517891405e-12},"std_dev":{"confidence_interval":{"confidence_level":0.95,"lower_bound":5.086490162827549e-12,"upper_bound":1.8688789834316445e-11},"point_estimate":1.360535062297652e-11,"standard_error":3.753959629930976e-12}}