{"sampling_mode":"Linear","iters":[5.5892873041896486e17,1.1178574608379297e18,1.6767861912568945e18,2.2357149216758595e18,2.7946436520948244e18,3.353572382513789e18,3.912501112932754e18,4.471429843351719e18,5.030358573770683e18,5.589287304189649e18],"times":[19862693.0,19163768.0,27264182.0,19446676.0,24207689.0,22418974.0,23229193.0,26528545.0,25464555.0,26884609.0]}