{"mean":{"confidence_interval":{"confidence_level":0.95,"lower_bound":2.2753512680714265e-12,"upper_bound":8.938799855681555e-12},"point_estimate":4.8345956311726474e-12,"standard_error":1.8564242245571965e-12},"median":{"confidence_interval":{"confidence_level":0.95,"lower_bound":1.7208105055039343e-12,"upper_bound":5.102651386862172e-12},"point_estimate":2.7350618206150228e-12,"standard_error":9.24597020579241e-13},"median_abs_dev":{"confidence_interval":{"confidence_level":0.95,"lower_bound":3.911870971272297e-13,"upper_bound":3.68545467979114e-12},"point_estimate":1.828976426917948e-12,"standard_error":9.953826352301365e-13},"slope":{"confidence_interval":{"confidence_level":0.95,"lower_bound":1.6408203852584018e-12,"upper_bound":3.022773472500076e-12},"point_estimate":2.0795417980203355e-12,"standard_error":3.5465776823115914e-13},"std_dev":{"confidence_interval":{"confidence_level":0.95,"lower_bound":8.550543587966957e-13,"upper_bound":9.399075022132286e-12},"point_estimate":6.160784675761756e-12,"standard_error":2.8404956879555215e-12}}