{"sampling_mode":"Linear","iters":[5.583627903725387e17,1.1167255807450774e18,1.675088371117616e18,2.2334511614901548e18,2.7918139518626934e18,3.350176742235232e18,3.9085395326077706e18,4.4669023229803095e18,5.025265113352848e18,5.583627903725387e18],"times":[12189934.0,7080782.0,6473611.0,6517298.0,11370334.0,6943466.0,9974923.0,9042709.0,6879859.0,7259957.0]}