{"mean":{"confidence_interval":{"confidence_level":0.95,"lower_bound":4.630193026490304e-12,"upper_bound":1.5913863896371602e-11},"point_estimate":9.171593352072446e-12,"standard_error":3.035164837649111e-12},"median":{"confidence_interval":{"confidence_level":0.95,"lower_bound":3.6394239963460195e-12,"upper_bound":1.0848982022934303e-11},"point_estimate":5.305721045559863e-12,"standard_error":1.9729607146112962e-12},"median_abs_dev":{"confidence_interval":{"confidence_level":0.95,"lower_bound":6.996253065369888e-13,"upper_bound":8.37772715827309e-12},"point_estimate":3.005759268234056e-12,"standard_error":2.2158842064934555e-12},"slope":{"confidence_interval":{"confidence_level":0.95,"lower_bound":3.49392214051442e-12,"upper_bound":5.735208994132385e-12},"point_estimate":4.1524545369133435e-12,"standard_error":5.882841013870968e-13},"std_dev":{"confidence_interval":{"confidence_level":0.95,"lower_bound":1.7127254767514266e-12,"upper_bound":1.505254128391097e-11},"point_estimate":1.0066353552182523e-11,"standard_error":4.145861655623714e-12}}