{"sampling_mode":"Linear","iters":[5.58113503504338e17,1.116227007008676e18,1.674340510513014e18,2.232454014017352e18,2.79056751752169e18,3.348681021026028e18,3.906794524530366e18,4.464908028034704e18,5.023021531539042e18,5.58113503504338e18],"times":[10333232.0,11369154.0,9570736.0,9493148.0,9501624.0,9483121.0,9517634.0,9516018.0,9525554.0,9487949.0]}