{"sampling_mode":"Linear","iters":[1.7342771838674252e16,3.4685543677348504e16,5.202831551602275e16,6.937108735469701e16,8.671385919337126e16,1.040566310320455e17,1.2139940287071976e17,1.3874217470939402e17,1.5608494654806826e17,1.7342771838674253e17],"times":[49329901.0,48347215.0,48147595.0,48119838.0,48228452.0,48434431.0,48332549.0,48270150.0,48273733.0,53319993.0]}