{"sampling_mode":"Linear","iters":[5.577082541372786e17,1.1154165082745572e18,1.673124762411836e18,2.2308330165491144e18,2.788541270686393e18,3.346249524823672e18,3.9039577789609503e18,4.4616660330982287e18,5.019374287235507e18,5.577082541372786e18],"times":[7853008.0,9417504.0,7242210.0,7258946.0,7245424.0,7198304.0,7205185.0,7198176.0,7210902.0,7204526.0]}