{"sampling_mode":"Linear","iters":[5.526272190061844e17,1.1052544380123688e18,1.657881657018553e18,2.2105088760247375e18,2.7631360950309217e18,3.315763314037106e18,3.8683905330432906e18,4.421017752049475e18,4.973644971055659e18,5.526272190061843e18],"times":[38161665.0,32378276.0,26197386.0,26231216.0,26391602.0,26415585.0,26415593.0,26185062.0,26260611.0,26166799.0]}