{"sampling_mode":"Linear","iters":[5.569470582014554e17,1.1138941164029108e18,1.6708411746043663e18,2.2277882328058217e18,2.784735291007277e18,3.3416823492087327e18,3.898629407410188e18,4.4555764656116434e18,5.012523523813098e18,5.569470582014554e18],"times":[24337755.0,23413572.0,21023594.0,21284317.0,20340483.0,18156481.0,18075448.0,18094488.0,19241617.0,21304173.0]}