{"sampling_mode":"Linear","iters":[5.5881302456614944e17,1.1176260491322989e18,1.6764390736984484e18,2.2352520982645978e18,2.794065122830747e18,3.352878147396897e18,3.911691171963046e18,4.4705041965291955e18,5.029317221095345e18,5.588130245661494e18],"times":[5369042.0,6226986.0,5396571.0,5465554.0,5344003.0,5346807.0,5344410.0,5359962.0,5337401.0,5333968.0]}