{"sampling_mode":"Linear","iters":[5.5856609280158925e17,1.1171321856031785e18,1.6756982784047677e18,2.234264371206357e18,2.792830464007946e18,3.3513965568095355e18,3.9099626496111247e18,4.468528742412714e18,5.027094835214303e18,5.585660928015892e18],"times":[1040565.0,1042161.0,1044612.0,1287296.0,1085138.0,1041540.0,1045784.0,1041887.0,1098376.0,1039803.0]}