{"sampling_mode":"Linear","iters":[5.548519282869984e17,1.1097038565739968e18,1.664555784860995e18,2.2194077131479936e18,2.774259641434992e18,3.32911156972199e18,3.8839634980089887e18,4.438815426295987e18,4.993667354582986e18,5.548519282869984e18],"times":[39940979.0,33620684.0,25769480.0,22401846.0,23806888.0,23643684.0,24364801.0,24271526.0,24380125.0,23956738.0]}