{"sampling_mode":"Linear","iters":[5.5825835784846534e17,1.1165167156969307e18,1.674775073545396e18,2.2330334313938614e18,2.7912917892423265e18,3.349550147090792e18,3.9078085049392573e18,4.466066862787723e18,5.024325220636188e18,5.582583578484653e18],"times":[18506562.0,21606480.0,19159669.0,20231041.0,15928803.0,22244377.0,21846524.0,26211149.0,16448128.0,15569919.0]}