{"sampling_mode":"Linear","iters":[5.529561035782739e17,1.1059122071565478e18,1.658868310734822e18,2.2118244143130957e18,2.7647805178913695e18,3.317736621469644e18,3.8706927250479176e18,4.4236488286261914e18,4.976604932204465e18,5.529561035782739e18],"times":[35754593.0,34968309.0,33684919.0,33683556.0,34148197.0,33511720.0,33608523.0,37876124.0,36619091.0,33274730.0]}