{"sampling_mode":"Linear","iters":[5.58695384100305e17,1.11739076820061e18,1.6760861523009152e18,2.23478153640122e18,2.793476920501525e18,3.3521723046018304e18,3.9108676887021353e18,4.46956307280244e18,5.028258456902745e18,5.58695384100305e18],"times":[2126423.0,2141245.0,1163817.0,1121826.0,1355480.0,2143390.0,1966072.0,2378307.0,1883178.0,2131918.0]}