{"sampling_mode":"Linear","iters":[5.5861642298353626e17,1.1172328459670725e18,1.675849268950609e18,2.234465691934145e18,2.793082114917681e18,3.351698537901218e18,3.910314960884754e18,4.46893138386829e18,5.027547806851827e18,5.586164229835362e18],"times":[1776568.0,1678084.0,1724598.0,4019267.0,1710456.0,1684222.0,1729866.0,1705912.0,1687709.0,1724162.0]}