{"sampling_mode":"Linear","iters":[5.585986850714955e17,1.117197370142991e18,1.6757960552144865e18,2.234394740285982e18,2.7929934253574774e18,3.351592110428973e18,3.910190795500468e18,4.468789480571964e18,5.02738816564346e18,5.585986850714955e18],"times":[13234165.0,11024718.0,10479459.0,12844674.0,9752508.0,9593451.0,8627742.0,11019156.0,12783141.0,13662631.0]}