{"sampling_mode":"Linear","iters":[5.574788771908474e17,1.1149577543816948e18,1.6724366315725422e18,2.2299155087633897e18,2.787394385954237e18,3.3448732631450844e18,3.902352140335932e18,4.4598310175267794e18,5.017309894717626e18,5.574788771908474e18],"times":[14848665.0,11351324.0,11628855.0,11433095.0,13863159.0,9389361.0,11544729.0,9484649.0,11959237.0,11818289.0]}