{"mean":{"confidence_interval":{"confidence_level":0.95,"lower_bound":4.501520804063375e-12,"upper_bound":1.4764877539402113e-11},"point_estimate":8.605550767874562e-12,"standard_error":2.763265650085974e-12},"median":{"confidence_interval":{"confidence_level":0.95,"lower_bound":3.622193728886922e-12,"upper_bound":9.876461742118173e-12},"point_estimate":5.151598790282177e-12,"standard_error":1.6991757895917522e-12},"median_abs_dev":{"confidence_interval":{"confidence_level":0.95,"lower_bound":5.369537036998654e-13,"upper_bound":7.38946265744479e-12},"point_estimate":2.5102813487923034e-12,"standard_error":1.9213325491728025e-12},"slope":{"confidence_interval":{"confidence_level":0.95,"lower_bound":3.5859445273426286e-12,"upper_bound":5.463582992990682e-12},"point_estimate":4.1297071570416045e-12,"standard_error":4.948634417153864e-13},"std_dev":{"confidence_interval":{"confidence_level":0.95,"lower_bound":1.3801395228125965e-12,"upper_bound":1.3775428656591092e-11},"point_estimate":9.179090565876684e-12,"standard_error":3.8459710518688876e-12}}