{"mean":{"confidence_interval":{"confidence_level":0.95,"lower_bound":0.0004516680256946571,"upper_bound":0.0013044403467042066},"point_estimate":0.0008087149272564183,"standard_error":0.00022374050817139916},"median":{"confidence_interval":{"confidence_level":0.95,"lower_bound":0.0003354098978612397,"upper_bound":0.0010309237707380114},"point_estimate":0.0005728455420936956,"standard_error":0.00019073290666038657},"median_abs_dev":{"confidence_interval":{"confidence_level":0.95,"lower_bound":0.00005341833694125937,"upper_bound":0.0007981691880407759},"point_estimate":0.0003787312483600276,"standard_error":0.00021469126159027514},"slope":{"confidence_interval":{"confidence_level":0.95,"lower_bound":0.000327426962672049,"upper_bound":0.0005637204076115669},"point_estimate":0.00039670560690146665,"standard_error":0.00006186404171288879},"std_dev":{"confidence_interval":{"confidence_level":0.95,"lower_bound":0.00019166211407595755,"upper_bound":0.0010822522606900456},"point_estimate":0.0007425412337741081,"standard_error":0.00026604345716019825}}