{"sampling_mode":"Linear","iters":[5.548720636046222e17,1.1097441272092444e18,1.6646161908138665e18,2.2194882544184888e18,2.774360318023111e18,3.329232381627733e18,3.8841044452323553e18,4.4389765088369777e18,4.9938485724416e18,5.548720636046222e18],"times":[9284219.0,9212553.0,9164194.0,9180036.0,9171133.0,9114281.0,9175341.0,9174532.0,9102421.0,9176475.0]}