{"sampling_mode":"Linear","iters":[5.589113642217411e17,1.1178227284434822e18,1.6767340926652234e18,2.2356454568869645e18,2.794556821108706e18,3.353468185330447e18,3.912379549552188e18,4.471290913773929e18,5.030202277995671e18,5.589113642217412e18],"times":[1142433.0,1129324.0,2461934.0,1129525.0,1638361.0,2733120.0,1186154.0,1141262.0,1234779.0,2643855.0]}