{"sampling_mode":"Linear","iters":[5.534604913572312e17,1.1069209827144625e18,1.6603814740716938e18,2.213841965428925e18,2.767302456786156e18,3.3207629481433876e18,3.874223439500619e18,4.42768393085785e18,4.981144422215081e18,5.534604913572312e18],"times":[10306499.0,14191476.0,10259736.0,10064040.0,9996534.0,10136160.0,10156092.0,10191205.0,10138363.0,10131100.0]}