{"sampling_mode":"Linear","iters":[5.564200082528006e17,1.1128400165056012e18,1.6692600247584018e18,2.2256800330112023e18,2.782100041264003e18,3.3385200495168036e18,3.894940057769604e18,4.4513600660224046e18,5.007780074275205e18,5.564200082528006e18],"times":[18021800.0,14194472.0,12622241.0,15223983.0,14024053.0,12564806.0,12774763.0,14119772.0,12644423.0,13478948.0]}