{"sampling_mode":"Linear","iters":[5.5476241571759955e17,1.1095248314351991e18,1.6642872471527987e18,2.2190496628703982e18,2.7738120785879977e18,3.3285744943055974e18,3.8833369100231967e18,4.4380993257407964e18,4.992861741458396e18,5.547624157175995e18],"times":[35866009.0,30904035.0,33160282.0,23809456.0,23746710.0,23737613.0,23731220.0,23743799.0,23713800.0,23738274.0]}