{"sampling_mode":"Linear","iters":[3.460032387605263e16,6.920064775210526e16,1.0380097162815789e17,1.3840129550421053e17,1.7300161938026317e17,2.0760194325631578e17,2.4220226713236842e17,2.7680259100842106e17,3.1140291488447366e17,3.4600323876052634e17],"times":[50628580.0,48372463.0,48302792.0,55881328.0,48728805.0,66294126.0,54312251.0,48351712.0,48288190.0,48332389.0]}