{"sampling_mode":"Linear","iters":[5.58862466547321e17,1.117724933094642e18,1.676587399641963e18,2.235449866189284e18,2.794312332736605e18,3.353174799283926e18,3.9120372658312474e18,4.470899732378568e18,5.02976219892589e18,5.58862466547321e18],"times":[2158545.0,3012895.0,2248011.0,2181735.0,2182919.0,2154317.0,3575781.0,2278151.0,2163012.0,2218207.0]}