{"sampling_mode":"Linear","iters":[5.586464914543307e17,1.1172929829086614e18,1.675939474362992e18,2.2345859658173228e18,2.7932324572716534e18,3.351878948725984e18,3.9105254401803146e18,4.4691719316346455e18,5.027818423088976e18,5.586464914543307e18],"times":[3538497.0,4521178.0,5175269.0,5068980.0,5947583.0,4626263.0,4036333.0,5124578.0,2533567.0,5108722.0]}