{"sampling_mode":"Linear","iters":[1.746398148219224e16,3.492796296438448e16,5.239194444657672e16,6.985592592876896e16,8.73199074109612e16,1.0478388889315344e17,1.2224787037534568e17,1.3971185185753792e17,1.5717583333973018e17,1.746398148219224e17],"times":[49244335.0,47793523.0,48314762.0,48298361.0,48072905.0,48373664.0,51503347.0,53436645.0,60533222.0,48640525.0]}