{"sampling_mode":"Linear","iters":[5.5279612845887315e17,1.1055922569177463e18,1.6583883853766195e18,2.2111845138354926e18,2.7639806422943657e18,3.316776770753239e18,3.869572899212112e18,4.422369027670985e18,4.975165156129859e18,5.527961284588731e18],"times":[57941895.0,35405363.0,29622982.0,31549726.0,24757731.0,23061209.0,22906318.0,22991073.0,22942727.0,23021868.0]}