{"sampling_mode":"Linear","iters":[5.5889166856246016e17,1.1177833371249203e18,1.6766750056873805e18,2.2355666742498406e18,2.794458342812301e18,3.353350011374761e18,3.912241679937221e18,4.4711333484996813e18,5.030025017062142e18,5.588916685624602e18],"times":[11364261.0,11712506.0,10305162.0,10264672.0,11021784.0,10575220.0,10271338.0,10236178.0,10236736.0,10256851.0]}