{"sampling_mode":"Linear","iters":[5.5624248459535155e17,1.1124849691907031e18,1.6687274537860547e18,2.2249699383814062e18,2.781212422976758e18,3.3374549075721093e18,3.893697392167461e18,4.4499398767628124e18,5.006182361358164e18,5.562424845953516e18],"times":[22060815.0,17044836.0,16946586.0,16453140.0,16464846.0,16426223.0,23529848.0,16805063.0,16416215.0,17706709.0]}