{"sampling_mode":"Linear","iters":[5.574711919435963e17,1.1149423838871926e18,1.6724135758307889e18,2.2298847677743852e18,2.787355959717981e18,3.3448271516615777e18,3.9022983436051743e18,4.4597695355487703e18,5.017240727492366e18,5.574711919435962e18],"times":[10440866.0,9840007.0,9533558.0,9531519.0,9491530.0,9499024.0,9500349.0,9490186.0,9511196.0,9500861.0]}