{"sampling_mode":"Linear","iters":[5.572872201353258e17,1.1145744402706516e18,1.6718616604059776e18,2.2291488805413033e18,2.786436100676629e18,3.343723320811955e18,3.901010540947281e18,4.4582977610826066e18,5.015584981217932e18,5.572872201353258e18],"times":[8272732.0,4413406.0,4394871.0,4398821.0,4850861.0,4392246.0,4387656.0,4385999.0,4384792.0,4395057.0]}