{"mean":{"confidence_interval":{"confidence_level":0.95,"lower_bound":0.10460169540858856,"upper_bound":0.3122759138803344},"point_estimate":0.1911532960167447,"standard_error":0.054709716133648105},"median":{"confidence_interval":{"confidence_level":0.95,"lower_bound":0.08416225162622056,"upper_bound":0.2406064727252304},"point_estimate":0.11776761878162999,"standard_error":0.041873492630981286},"median_abs_dev":{"confidence_interval":{"confidence_level":0.95,"lower_bound":0.00993995871628495,"upper_bound":0.18610923425124726},"point_estimate":0.05739754219569185,"standard_error":0.048890818165994776},"slope":{"confidence_interval":{"confidence_level":0.95,"lower_bound":0.08412401440071293,"upper_bound":0.12600354855296989},"point_estimate":0.09619875883375126,"standard_error":0.011082911302934142},"std_dev":{"confidence_interval":{"confidence_level":0.95,"lower_bound":0.03419486598071661,"upper_bound":0.2666976328790701},"point_estimate":0.1822701510599252,"standard_error":0.06829904130344079}}