{"sampling_mode":"Linear","iters":[5.5780142711546675e17,1.1156028542309335e18,1.6734042813464003e18,2.231205708461867e18,2.789007135577334e18,3.3468085626928005e18,3.9046099898082673e18,4.462411416923734e18,5.020212844039201e18,5.578014271154668e18],"times":[10745796.0,6049632.0,8926705.0,6865253.0,9352960.0,9331371.0,6073862.0,9302005.0,7236034.0,6833895.0]}