{"sampling_mode":"Linear","iters":[5.5880093319784166e17,1.1176018663956833e18,1.676402799593525e18,2.2352037327913667e18,2.794004665989208e18,3.35280559918705e18,3.911606532384892e18,4.4704074655827333e18,5.029208398780575e18,5.588009331978416e18],"times":[13050153.0,11631641.0,10198043.0,14350221.0,10088063.0,10165148.0,10029827.0,26774057.0,13457133.0,14595082.0]}