{"mean":{"confidence_interval":{"confidence_level":0.95,"lower_bound":3.2689918811264165e-9,"upper_bound":1.2535810074943743e-8},"point_estimate":7.045882484205906e-9,"standard_error":2.455508742376798e-9},"median":{"confidence_interval":{"confidence_level":0.95,"lower_bound":2.4893544029392044e-9,"upper_bound":8.604616903740724e-9},"point_estimate":4.022610509520648e-9,"standard_error":1.605132528141457e-9},"median_abs_dev":{"confidence_interval":{"confidence_level":0.95,"lower_bound":5.714263231849028e-10,"upper_bound":7.858728615312224e-9},"point_estimate":2.4618501464768614e-9,"standard_error":1.930801919550329e-9},"slope":{"confidence_interval":{"confidence_level":0.95,"lower_bound":2.3822282183262136e-9,"upper_bound":4.253115504993965e-9},"point_estimate":2.9596344010016928e-9,"standard_error":4.892717678624679e-10},"std_dev":{"confidence_interval":{"confidence_level":0.95,"lower_bound":1.1338901548610428e-9,"upper_bound":1.2045574748850618e-8},"point_estimate":8.151051433142007e-9,"standard_error":3.2069463138724037e-9}}