{"sampling_mode":"Linear","iters":[2176547757385705.0,4353095514771410.0,6529643272157115.0,8706191029542820.0,1.0882738786928524e16,1.305928654431423e16,1.5235834301699936e16,1.741238205908564e16,1.9588929816471344e16,2.176547757385705e16],"times":[61680813.0,55173390.0,48030050.0,39480097.0,39334323.0,57863659.0,40390073.0,50591155.0,40612528.0,40922326.0]}