{"sampling_mode":"Linear","iters":[8731907663972727.0,1.7463815327945454e16,2.619572299191818e16,3.4927630655890908e16,4.365953831986363e16,5.239144598383636e16,6.112335364780909e16,6.9855261311781816e16,7.858716897575454e16,8.731907663972726e16],"times":[42054088.0,42028232.0,42173656.0,41902536.0,45469611.0,53117900.0,55345317.0,42147429.0,41902300.0,42144958.0]}