{"sampling_mode":"Linear","iters":[5.551164647997179e17,1.1102329295994358e18,1.6653493943991537e18,2.2204658591988716e18,2.7755823239985894e18,3.3306987887983073e18,3.885815253598025e18,4.440931718397743e18,4.99604818319746e18,5.551164647997179e18],"times":[33089327.0,31517020.0,35517030.0,24821064.0,24545254.0,24561061.0,26444179.0,25844850.0,31566411.0,29822863.0]}