{"sampling_mode":"Linear","iters":[5.550240175607281e17,1.1100480351214563e18,1.6650720526821844e18,2.2200960702429125e18,2.775120087803641e18,3.330144105364369e18,3.885168122925097e18,4.440192140485825e18,4.995216158046553e18,5.550240175607282e18],"times":[43342367.0,40221081.0,62664796.0,48658017.0,38203951.0,38101889.0,38119766.0,38093457.0,38122561.0,38090361.0]}