{"sampling_mode":"Linear","iters":[5.5876105801512614e17,1.1175221160302523e18,1.6762831740453786e18,2.2350442320605046e18,2.7938052900756306e18,3.352566348090757e18,3.911327406105883e18,4.470088464121009e18,5.028849522136136e18,5.587610580151261e18],"times":[13537264.0,16267032.0,15341432.0,16361334.0,15401176.0,8087550.0,8096430.0,12967015.0,8084093.0,12720109.0]}