{"sampling_mode":"Linear","iters":[5.578981895711704e17,1.1157963791423409e18,1.6736945687135114e18,2.2315927582846817e18,2.789490947855852e18,3.347389137427023e18,3.905287326998193e18,4.4631855165693635e18,5.021083706140534e18,5.578981895711704e18],"times":[11742876.0,7843053.0,7690505.0,5763773.0,6532980.0,15683700.0,9592692.0,9458721.0,10861662.0,10073179.0]}