{"sampling_mode":"Linear","iters":[5.580387004927079e17,1.1160774009854158e18,1.6741161014781238e18,2.2321548019708316e18,2.7901935024635397e18,3.3482322029562476e18,3.9062709034489554e18,4.464309603941663e18,5.022348304434372e18,5.580387004927079e18],"times":[3474524.0,3943821.0,3922901.0,3046318.0,3767121.0,3790780.0,3042936.0,3550382.0,2148082.0,3763534.0]}