{"sampling_mode":"Linear","iters":[5.5860018720627315e17,1.1172003744125463e18,1.6758005616188196e18,2.2344007488250926e18,2.7930009360313656e18,3.351601123237639e18,3.910201310443912e18,4.468801497650185e18,5.027401684856458e18,5.586001872062731e18],"times":[784425.0,783763.0,2601696.0,795308.0,785105.0,785192.0,784392.0,784550.0,781378.0,782511.0]}