{"sampling_mode":"Linear","iters":[6.93070971873038e16,1.386141943746076e17,2.079212915619114e17,2.772283887492152e17,3.46535485936519e17,4.158425831238228e17,4.851496803111266e17,5.544567774984304e17,6.237638746857341e17,6.93070971873038e17],"times":[52070823.0,54166433.0,64314589.0,50602052.0,48002075.0,47966334.0,47968333.0,47992304.0,48010414.0,47953540.0]}