{"sampling_mode":"Linear","iters":[5.579674257010908e17,1.1159348514021816e18,1.6739022771032724e18,2.2318697028043633e18,2.789837128505454e18,3.347804554206545e18,3.9057719799076357e18,4.4637394056087265e18,5.021706831309818e18,5.579674257010908e18],"times":[6905529.0,6614026.0,9173619.0,8620608.0,9312800.0,8565240.0,9178484.0,8644233.0,9179692.0,8685120.0]}