{"sampling_mode":"Linear","iters":[5.58932142311981e17,1.117864284623962e18,1.676796426935943e18,2.235728569247924e18,2.794660711559905e18,3.353592853871886e18,3.912524996183867e18,4.471457138495848e18,5.030389280807828e18,5.58932142311981e18],"times":[1764060.0,1708704.0,1687362.0,1691491.0,1687879.0,4861158.0,3001957.0,1692064.0,1799908.0,1693070.0]}