{"sampling_mode":"Linear","iters":[5.574926555701766e17,1.1149853111403532e18,1.6724779667105298e18,2.2299706222807063e18,2.787463277850883e18,3.3449559334210596e18,3.902448588991236e18,4.4599412445614126e18,5.017433900131589e18,5.574926555701766e18],"times":[15687449.0,17279115.0,20846351.0,17520363.0,12840302.0,12751101.0,16375986.0,16530230.0,20912093.0,20846415.0]}