{"mean":{"confidence_interval":{"confidence_level":0.95,"lower_bound":2.3009332360282745e-7,"upper_bound":8.386745508707073e-7},"point_estimate":4.7082686128745983e-7,"standard_error":1.6595785647655256e-7},"median":{"confidence_interval":{"confidence_level":0.95,"lower_bound":1.7204200712915466e-7,"upper_bound":5.406769812891975e-7},"point_estimate":3.097078548802329e-7,"standard_error":9.066344271842853e-8},"median_abs_dev":{"confidence_interval":{"confidence_level":0.95,"lower_bound":3.1636297993011894e-8,"upper_bound":3.581752821109229e-7},"point_estimate":1.8300150669601962e-7,"standard_error":1.0392241886154191e-7},"slope":{"confidence_interval":{"confidence_level":0.95,"lower_bound":1.6882056147062537e-7,"upper_bound":2.959901969068823e-7},"point_estimate":2.067567517490722e-7,"standard_error":3.326157869402449e-8},"std_dev":{"confidence_interval":{"confidence_level":0.95,"lower_bound":8.429892805169041e-8,"upper_bound":8.33797079000681e-7},"point_estimate":5.532277938956718e-7,"standard_error":2.393869647063208e-7}}