{"sampling_mode":"Linear","iters":[5.577263911011363e17,1.1154527822022726e18,1.673179173303409e18,2.2309055644045453e18,2.7886319555056814e18,3.346358346606818e18,3.904084737707954e18,4.4618111288090906e18,5.019537519910227e18,5.577263911011363e18],"times":[21415337.0,16850750.0,16601245.0,16596260.0,16448574.0,20244345.0,25193675.0,20193915.0,24060400.0,20619330.0]}