{"sampling_mode":"Linear","iters":[5.5883416928545805e17,1.1176683385709161e18,1.6765025078563743e18,2.2353366771418322e18,2.79417084642729e18,3.3530050157127485e18,3.9118391849982065e18,4.4706733542836644e18,5.029507523569122e18,5.58834169285458e18],"times":[761583.0,760906.0,1286902.0,768696.0,761270.0,761077.0,761147.0,761113.0,760929.0,760445.0]}