{"sampling_mode":"Linear","iters":[5.558509847395765e17,1.111701969479153e18,1.6675529542187295e18,2.223403938958306e18,2.7792549236978826e18,3.335105908437459e18,3.890956893177036e18,4.446807877916612e18,5.002658862656188e18,5.558509847395765e18],"times":[37602845.0,33180526.0,33043065.0,33368190.0,32885299.0,32897325.0,43725186.0,51691951.0,51780448.0,33188730.0]}