{"sampling_mode":"Linear","iters":[5.579376433849463e17,1.1158752867698926e18,1.673812930154839e18,2.2317505735397852e18,2.7896882169247314e18,3.347625860309678e18,3.9055635036946243e18,4.4635011470795704e18,5.021438790464517e18,5.579376433849463e18],"times":[3752090.0,3557739.0,3526882.0,3519236.0,3509588.0,4999760.0,6083747.0,3559212.0,3528493.0,7653974.0]}