{"sampling_mode":"Linear","iters":[5.584396667461544e17,1.1168793334923087e18,1.675319000238463e18,2.2337586669846175e18,2.792198333730772e18,3.350638000476926e18,3.9090776672230804e18,4.467517333969235e18,5.025957000715389e18,5.584396667461544e18],"times":[7184911.0,8702360.0,4694727.0,5864615.0,7157819.0,7023956.0,6475335.0,6503253.0,6070714.0,6109347.0]}