{"mean":{"confidence_interval":{"confidence_level":0.95,"lower_bound":4.3627264951428985e-6,"upper_bound":0.000014709840811259673},"point_estimate":8.860127288627214e-6,"standard_error":2.6754479702600095e-6},"median":{"confidence_interval":{"confidence_level":0.95,"lower_bound":3.2740592890353977e-6,"upper_bound":0.000012793270227576021},"point_estimate":4.849599606511551e-6,"standard_error":2.388487250268217e-6},"median_abs_dev":{"confidence_interval":{"confidence_level":0.95,"lower_bound":5.784813121897886e-7,"upper_bound":0.000011572235312890752},"point_estimate":2.799258949745438e-6,"standard_error":2.80963474259372e-6},"slope":{"confidence_interval":{"confidence_level":0.95,"lower_bound":3.265539383456752e-6,"upper_bound":5.586644315388926e-6},"point_estimate":3.922601927696529e-6,"standard_error":6.146525184016725e-7},"std_dev":{"confidence_interval":{"confidence_level":0.95,"lower_bound":1.583637053009692e-6,"upper_bound":0.000012348339698950385},"point_estimate":8.898286257861243e-6,"standard_error":2.8456214903259494e-6}}