{"sampling_mode":"Linear","iters":[5.575929515777856e17,1.1151859031555712e18,1.6727788547333568e18,2.2303718063111424e18,2.787964757888928e18,3.3455577094667136e18,3.9031506610444995e18,4.460743612622285e18,5.01833656420007e18,5.575929515777855e18],"times":[14482266.0,12175710.0,12160568.0,12142718.0,12009678.0,12156797.0,12226120.0,12217450.0,12261298.0,12137715.0]}