{"sampling_mode":"Linear","iters":[1.3931023111907557e17,2.7862046223815114e17,4.179306933572267e17,5.572409244763023e17,6.965511555953778e17,8.358613867144534e17,9.75171617833529e17,1.1144818489526045e18,1.25379208007168e18,1.3931023111907556e18],"times":[57239728.0,39579685.0,58892678.0,50865860.0,61834460.0,51499100.0,51485794.0,39404943.0,54582905.0,60259723.0]}