{"sampling_mode":"Linear","iters":[5.578980134348408e17,1.1157960268696817e18,1.6736940403045225e18,2.2315920537393633e18,2.7894900671742044e18,3.347388080609045e18,3.9052860940438856e18,4.4631841074787267e18,5.021082120913568e18,5.578980134348409e18],"times":[4329973.0,8567521.0,5181258.0,4860259.0,5652279.0,4304679.0,5498592.0,5152864.0,4295550.0,4287780.0]}