{"sampling_mode":"Linear","iters":[5.5756390421112454e17,1.1151278084222491e18,1.6726917126333737e18,2.2302556168444982e18,2.7878195210556227e18,3.3453834252667474e18,3.9029473294778716e18,4.4605112336889964e18,5.018075137900121e18,5.575639042111245e18],"times":[19671865.0,17933856.0,17839195.0,17809342.0,17817131.0,17812290.0,17813066.0,17858627.0,17821985.0,17825273.0]}