{"sampling_mode":"Linear","iters":[5.566381238781288e17,1.1132762477562575e18,1.6699143716343864e18,2.226552495512515e18,2.7831906193906437e18,3.339828743268773e18,3.8964668671469015e18,4.45310499102503e18,5.009743114903159e18,5.566381238781287e18],"times":[7231406.0,5098285.0,4979254.0,4645158.0,5348126.0,4887155.0,6516743.0,2406696.0,2346755.0,2344856.0]}