{"mean":{"confidence_interval":{"confidence_level":0.95,"lower_bound":159838.21173627925,"upper_bound":560726.9755232038},"point_estimate":322954.6227101829,"standard_error":106933.1697507264},"median":{"confidence_interval":{"confidence_level":0.95,"lower_bound":111549.87587436105,"upper_bound":386170.9011299435},"point_estimate":204755.2268361582,"standard_error":77924.22213482282},"median_abs_dev":{"confidence_interval":{"confidence_level":0.95,"lower_bound":20204.813981900177,"upper_bound":329773.9007464234},"point_estimate":143387.80088343253,"standard_error":83434.84216196078},"slope":{"confidence_interval":{"confidence_level":0.95,"lower_bound":110300.38444111097,"upper_bound":206147.62158862397},"point_estimate":138495.99480519482,"standard_error":25145.938583585958},"std_dev":{"confidence_interval":{"confidence_level":0.95,"lower_bound":73035.2435308411,"upper_bound":532699.3986898965},"point_estimate":356378.4880307983,"standard_error":142855.47168952558}}