{"sampling_mode":"Linear","iters":[5.5650385492220006e17,1.1130077098444001e18,1.6695115647666002e18,2.2260154196888003e18,2.7825192746110003e18,3.3390231295332004e18,3.8955269844554004e18,4.4520308393776005e18,5.008534694299801e18,5.565038549222001e18],"times":[6290269.0,6229974.0,6236312.0,6225340.0,6206688.0,6221264.0,6229116.0,6230264.0,6199453.0,6249854.0]}