{"sampling_mode":"Linear","iters":[5.579203017815665e17,1.115840603563133e18,1.6737609053446996e18,2.231681207126266e18,2.789601508907833e18,3.3475218106893993e18,3.905442112470966e18,4.463362414252532e18,5.021282716034099e18,5.579203017815666e18],"times":[19270475.0,15560023.0,17744831.0,19706918.0,14896961.0,13222702.0,20544693.0,14689783.0,16993981.0,18927936.0]}