{"sampling_mode":"Linear","iters":[5.588538098629164e17,1.1177076197258328e18,1.6765614295887493e18,2.2354152394516657e18,2.794269049314582e18,3.3531228591774986e18,3.9119766690404147e18,4.4708304789033313e18,5.029684288766248e18,5.588538098629164e18],"times":[15596218.0,8649409.0,8604053.0,8565634.0,8563045.0,8556572.0,8557577.0,11661195.0,9825893.0,13784719.0]}