{"sampling_mode":"Linear","iters":[5.562170076850587e17,1.1124340153701174e18,1.6686510230551762e18,2.2248680307402348e18,2.7810850384252933e18,3.3373020461103524e18,3.893519053795411e18,4.4497360614804695e18,5.005953069165528e18,5.562170076850587e18],"times":[20802496.0,26588574.0,18497968.0,23019167.0,22264183.0,28238926.0,28642270.0,26405182.0,18679977.0,20244496.0]}