{"sampling_mode":"Linear","iters":[1.7327186987200372e16,3.4654373974400744e16,5.198156096160112e16,6.930874794880149e16,8.663593493600186e16,1.0396312192320224e17,1.2129030891040261e17,1.3861749589760298e17,1.5594468288480336e17,1.732718698720037e17],"times":[3169210.0,3130884.0,3098423.0,3108916.0,3094407.0,3101256.0,3081170.0,3124025.0,3145916.0,3121793.0]}