{"sampling_mode":"Linear","iters":[5.587535399305738e17,1.1175070798611476e18,1.6762606197917215e18,2.2350141597222953e18,2.793767699652869e18,3.352521239583443e18,3.911274779514017e18,4.4700283194445906e18,5.028781859375164e18,5.587535399305738e18],"times":[2036386.0,2003138.0,1163012.0,1011890.0,1723641.0,1597871.0,1014030.0,2045430.0,1013936.0,2066022.0]}