{"sampling_mode":"Linear","iters":[5.584139238360583e17,1.1168278476721166e18,1.6752417715081748e18,2.2336556953442332e18,2.7920696191802916e18,3.3504835430163497e18,3.9088974668524083e18,4.4673113906884664e18,5.025725314524525e18,5.584139238360583e18],"times":[2475153.0,2758923.0,4885792.0,3394999.0,3681242.0,4343830.0,2508829.0,2928452.0,3462473.0,4176325.0]}