{"sampling_mode":"Linear","iters":[5.551677602078129e17,1.1103355204156259e18,1.6655032806234388e18,2.2206710408312517e18,2.7758388010390646e18,3.3310065612468777e18,3.8861743214546903e18,4.4413420816625034e18,4.996509841870317e18,5.551677602078129e18],"times":[26069499.0,25962151.0,25902791.0,25989398.0,25958643.0,26014737.0,26240662.0,25887965.0,27096133.0,25925513.0]}