{"sampling_mode":"Linear","iters":[5.4705745254421677e17,1.0941149050884335e18,1.6411723576326502e18,2.188229810176867e18,2.735287262721084e18,3.2823447152653005e18,3.8294021678095176e18,4.376459620353734e18,4.923517072897951e18,5.470574525442168e18],"times":[55533837.0,45403661.0,41286196.0,41359184.0,41207491.0,41465018.0,41186933.0,41329278.0,45720672.0,44612357.0]}