{"sampling_mode":"Linear","iters":[5.567484396943683e17,1.1134968793887366e18,1.670245319083105e18,2.2269937587774733e18,2.783742198471842e18,3.34049063816621e18,3.8972390778605783e18,4.4539875175549466e18,5.010735957249315e18,5.567484396943684e18],"times":[22490409.0,17367326.0,17321432.0,17328482.0,17840849.0,17314423.0,17330794.0,17322540.0,17364647.0,17400941.0]}