{"sampling_mode":"Linear","iters":[5.559777215905432e17,1.1119554431810865e18,1.6679331647716296e18,2.223910886362173e18,2.7798886079527163e18,3.335866329543259e18,3.8918440511338025e18,4.447821772724346e18,5.003799494314889e18,5.559777215905433e18],"times":[52908913.0,41651417.0,31445509.0,40088137.0,39210111.0,50416639.0,48446277.0,52237046.0,52261373.0,51385036.0]}