{"sampling_mode":"Linear","iters":[5.583362042706489e17,1.1166724085412978e18,1.6750086128119468e18,2.2333448170825956e18,2.7916810213532447e18,3.3500172256238935e18,3.9083534298945423e18,4.466689634165191e18,5.02502583843584e18,5.583362042706489e18],"times":[11957066.0,8259537.0,8395041.0,8922016.0,10120821.0,9225835.0,8059619.0,10121326.0,8692385.0,8066656.0]}