{"sampling_mode":"Linear","iters":[5.5670719617685786e17,1.1134143923537157e18,1.6701215885305736e18,2.2268287847074314e18,2.7835359808842895e18,3.340243177061147e18,3.8969503732380047e18,4.453657569414863e18,5.010364765591721e18,5.567071961768579e18],"times":[40350504.0,38449444.0,38410204.0,40861770.0,38467617.0,38543241.0,38431650.0,38376763.0,38421432.0,38470724.0]}