{"sampling_mode":"Linear","iters":[5.57118277792046e17,1.114236555584092e18,1.671354833376138e18,2.228473111168184e18,2.78559138896023e18,3.342709666752276e18,3.899827944544322e18,4.456946222336368e18,5.014064500128414e18,5.57118277792046e18],"times":[10370927.0,6838663.0,5577362.0,8254353.0,6725539.0,5546124.0,5540127.0,5745124.0,5550845.0,5549393.0]}