{"sampling_mode":"Linear","iters":[5.50210402269093e17,1.100420804538186e18,1.650631206807279e18,2.200841609076372e18,2.751052011345465e18,3.301262413614558e18,3.851472815883651e18,4.401683218152744e18,4.951893620421837e18,5.50210402269093e18],"times":[26919241.0,26955003.0,37110580.0,25193413.0,32318471.0,33070837.0,32565350.0,25754049.0,38637850.0,26557739.0]}