{"sampling_mode":"Linear","iters":[5.576395581208276e17,1.1152791162416552e18,1.6729186743624827e18,2.2305582324833103e18,2.788197790604138e18,3.3458373487249654e18,3.9034769068457933e18,4.4611164649666207e18,5.018756023087448e18,5.576395581208276e18],"times":[7984274.0,6856882.0,8237160.0,6914453.0,7087304.0,10120812.0,6937225.0,8857111.0,6890431.0,6804335.0]}