{"sampling_mode":"Linear","iters":[5.589893677259193e17,1.1179787354518386e18,1.676968103177758e18,2.2359574709036772e18,2.7949468386295967e18,3.353936206355516e18,3.912925574081435e18,4.4719149418073544e18,5.030904309533274e18,5.589893677259193e18],"times":[31787482.0,30583227.0,37617357.0,31036327.0,46035112.0,43941790.0,33360904.0,31589726.0,31715595.0,30629393.0]}