{"sampling_mode":"Linear","iters":[5.5859604123715366e17,1.1171920824743073e18,1.6757881237114609e18,2.2343841649486147e18,2.7929802061857684e18,3.3515762474229217e18,3.9101722886600755e18,4.4687683298972293e18,5.027364371134383e18,5.585960412371537e18],"times":[3370853.0,3369338.0,6297248.0,4235087.0,3385864.0,3374255.0,3360255.0,3407676.0,3370690.0,3366389.0]}