{"sampling_mode":"Linear","iters":[5.5802590227448205e17,1.1160518045489641e18,1.674077706823446e18,2.2321036090979282e18,2.7901295113724104e18,3.348155413646892e18,3.906181315921374e18,4.4642072181958564e18,5.022233120470339e18,5.580259022744821e18],"times":[49621315.0,49388428.0,48894111.0,49589822.0,49036708.0,48804644.0,38171519.0,43369894.0,42040098.0,33589512.0]}