{"mean":{"confidence_interval":{"confidence_level":0.95,"lower_bound":2.1846062419950244e-12,"upper_bound":7.400878001139769e-12},"point_estimate":4.2733181678027455e-12,"standard_error":1.406175827386565e-12},"median":{"confidence_interval":{"confidence_level":0.95,"lower_bound":1.7617371627169117e-12,"upper_bound":5.120514547088143e-12},"point_estimate":2.1885828342126994e-12,"standard_error":1.0198271161476743e-12},"median_abs_dev":{"confidence_interval":{"confidence_level":0.95,"lower_bound":1.0480470001878619e-13,"upper_bound":4.014554622049455e-12},"point_estimate":1.2191400248333013e-12,"standard_error":1.0895608231245228e-12},"slope":{"confidence_interval":{"confidence_level":0.95,"lower_bound":1.655831430559964e-12,"upper_bound":2.7352949718126407e-12},"point_estimate":1.9828021045238447e-12,"standard_error":2.8312524286852446e-13},"std_dev":{"confidence_interval":{"confidence_level":0.95,"lower_bound":9.872236143000615e-13,"upper_bound":7.044179489540033e-12},"point_estimate":4.6769487471225786e-12,"standard_error":1.95019805542001e-12}}