{"sampling_mode":"Linear","iters":[5.579830842634295e17,1.115966168526859e18,1.6739492527902884e18,2.231932337053718e18,2.7899154213171476e18,3.347898505580577e18,3.9058815898440064e18,4.463864674107436e18,5.021847758370865e18,5.579830842634295e18],"times":[9393073.0,6601947.0,7724913.0,9653390.0,5983422.0,7474200.0,8167688.0,5804003.0,9252933.0,7992265.0]}