{"sampling_mode":"Linear","iters":[5.584073961131387e17,1.1168147922262774e18,1.675222188339416e18,2.2336295844525548e18,2.7920369805656934e18,3.350444376678832e18,3.908851772791971e18,4.4672591689051095e18,5.025666565018248e18,5.584073961131387e18],"times":[1559541.0,1891825.0,1661171.0,1567675.0,1557706.0,1556063.0,1564361.0,1564359.0,1566337.0,1559516.0]}