{"sampling_mode":"Linear","iters":[5.584008177821162e17,1.1168016355642324e18,1.6752024533463485e18,2.233603271128465e18,2.792004088910581e18,3.350404906692697e18,3.9088057244748134e18,4.46720654225693e18,5.025607360039046e18,5.584008177821162e18],"times":[16465659.0,11484505.0,11313261.0,11177458.0,11448036.0,14664024.0,12176725.0,12908410.0,12113408.0,12015913.0]}