{"sampling_mode":"Linear","iters":[5.571177325364971e17,1.1142354650729942e18,1.6713531976094912e18,2.2284709301459884e18,2.785588662682485e18,3.3427063952189824e18,3.8998241277554796e18,4.4569418602919767e18,5.014059592828473e18,5.57117732536497e18],"times":[5056091.0,6143480.0,5150634.0,5103811.0,5251248.0,5140114.0,5109656.0,5144119.0,5120918.0,5085337.0]}