{"sampling_mode":"Linear","iters":[5.578162707132319e17,1.1156325414264637e18,1.6734488121396956e18,2.2312650828529275e18,2.7890813535661594e18,3.346897624279391e18,3.904713894992623e18,4.462530165705855e18,5.020346436419086e18,5.578162707132319e18],"times":[7907567.0,11805297.0,10269657.0,8079327.0,7894119.0,8105564.0,9248584.0,8741614.0,7908776.0,7903559.0]}