{"sampling_mode":"Linear","iters":[8619920229498885.0,1.723984045899777e16,2.5859760688496656e16,3.447968091799554e16,4.3099601147494424e16,5.171952137699331e16,6.033944160649219e16,6.895936183599108e16,7.757928206548997e16,8.619920229498885e16],"times":[47096196.0,45655914.0,40684547.0,44045241.0,41911627.0,42918772.0,40775555.0,39880014.0,44107376.0,36535910.0]}