{"sampling_mode":"Linear","iters":[5.576809564124969e17,1.1153619128249938e18,1.6730428692374907e18,2.2307238256499876e18,2.7884047820624845e18,3.3460857384749814e18,3.9037666948874783e18,4.461447651299975e18,5.019128607712472e18,5.576809564124969e18],"times":[2004628.0,1467597.0,1443182.0,1450127.0,1424524.0,1415251.0,1411208.0,1405795.0,1401326.0,1415551.0]}