{"sampling_mode":"Linear","iters":[5.5891126512248416e17,1.1178225302449683e18,1.6767337953674524e18,2.2356450604899366e18,2.7945563256124206e18,3.353467590734905e18,3.912378855857389e18,4.4712901209798733e18,5.030201386102357e18,5.589112651224841e18],"times":[944334.0,943009.0,947913.0,992772.0,957748.0,942191.0,948452.0,942940.0,943552.0,949578.0]}