{"sampling_mode":"Linear","iters":[5.582104190524133e17,1.1164208381048266e18,1.6746312571572398e18,2.2328416762096532e18,2.7910520952620667e18,3.3492625143144796e18,3.907472933366893e18,4.4656833524193065e18,5.023893771471719e18,5.582104190524133e18],"times":[2069529.0,5397455.0,2169790.0,2107042.0,2082466.0,2070572.0,2072209.0,2075786.0,2069837.0,2072392.0]}