{"sampling_mode":"Linear","iters":[5.588508833269277e17,1.1177017666538554e18,1.676552649980783e18,2.2354035333077107e18,2.7942544166346383e18,3.353105299961566e18,3.9119561832884936e18,4.4708070666154214e18,5.029657949942349e18,5.588508833269277e18],"times":[13443219.0,8726284.0,8667645.0,18176778.0,11331346.0,10745374.0,11107911.0,9032680.0,8676098.0,8699196.0]}