{"mean":{"confidence_interval":{"confidence_level":0.95,"lower_bound":8.806922985155658e-12,"upper_bound":2.81520810737705e-11},"point_estimate":1.6727130356367277e-11,"standard_error":5.145395650300369e-12},"median":{"confidence_interval":{"confidence_level":0.95,"lower_bound":6.805924664383025e-12,"upper_bound":2.039609364710308e-11},"point_estimate":1.0049187915050378e-11,"standard_error":3.64802196488234e-12},"median_abs_dev":{"confidence_interval":{"confidence_level":0.95,"lower_bound":1.3819527728488891e-12,"upper_bound":1.5982635826493072e-11},"point_estimate":5.498177011985136e-12,"standard_error":4.110518297651109e-12},"slope":{"confidence_interval":{"confidence_level":0.95,"lower_bound":6.610468822836965e-12,"upper_bound":1.0835650819576615e-11},"point_estimate":7.85351796369822e-12,"standard_error":1.1048729292213603e-12},"std_dev":{"confidence_interval":{"confidence_level":0.95,"lower_bound":3.2328630995460707e-12,"upper_bound":2.542147129552192e-11},"point_estimate":1.7161483247870175e-11,"standard_error":6.705501693339218e-12}}