{"sampling_mode":"Linear","iters":[5.58231799529506e17,1.116463599059012e18,1.674695398588518e18,2.232927198118024e18,2.79115899764753e18,3.349390797177036e18,3.907622596706542e18,4.465854396236048e18,5.024086195765554e18,5.58231799529506e18],"times":[18484194.0,24912735.0,16587873.0,24341701.0,22670579.0,23009312.0,19360781.0,22847302.0,24083985.0,23778509.0]}