{"sampling_mode":"Linear","iters":[5.5876626114257254e17,1.1175325222851451e18,1.6762987834277176e18,2.2350650445702902e18,2.7938313057128627e18,3.3525975668554353e18,3.911363827998008e18,4.4701300891405804e18,5.028896350283153e18,5.587662611425725e18],"times":[1115715.0,1138583.0,1410966.0,1078540.0,1075475.0,1072449.0,2092394.0,1072207.0,1077116.0,1069883.0]}