{"sampling_mode":"Linear","iters":[5.574874418488967e17,1.1149748836977934e18,1.67246232554669e18,2.2299497673955868e18,2.7874372092444836e18,3.34492465109338e18,3.902412092942277e18,4.4598995347911736e18,5.017386976640071e18,5.574874418488967e18],"times":[10258394.0,8912960.0,8853494.0,8869412.0,8826497.0,9000484.0,8907453.0,8874379.0,8870535.0,8862521.0]}