{"sampling_mode":"Linear","iters":[5.589734499209095e17,1.117946899841819e18,1.6769203497627284e18,2.235893799683638e18,2.7948672496045476e18,3.353840699525457e18,3.9128141494463667e18,4.471787599367276e18,5.030761049288186e18,5.589734499209095e18],"times":[11986976.0,10050723.0,10621919.0,8952314.0,9832676.0,10565358.0,9862288.0,11714592.0,9565362.0,10369525.0]}