{"sampling_mode":"Linear","iters":[5.588883204924463e17,1.1177766409848925e18,1.676664961477339e18,2.235553281969785e18,2.7944416024622316e18,3.353329922954678e18,3.912218243447124e18,4.47110656393957e18,5.029994884432016e18,5.588883204924463e18],"times":[2846068.0,2839808.0,2832375.0,2833602.0,2826057.0,2827976.0,2829447.0,2959336.0,3636186.0,2829971.0]}