{"sampling_mode":"Linear","iters":[5.573022252881441e17,1.1146044505762883e18,1.6719066758644324e18,2.2292089011525765e18,2.7865111264407204e18,3.343813351728865e18,3.901115577017009e18,4.458417802305153e18,5.015720027593297e18,5.573022252881441e18],"times":[8847657.0,13015672.0,9385977.0,8885816.0,10481304.0,9845468.0,10191717.0,4834701.0,8552341.0,4795048.0]}