{"sampling_mode":"Linear","iters":[5.5882163659848557e17,1.1176432731969711e18,1.6764649097954568e18,2.2352865463939423e18,2.794108182992428e18,3.3529298195909135e18,3.911751456189399e18,4.4705730927878845e18,5.02939472938637e18,5.588216365984856e18],"times":[28813876.0,14044064.0,18403808.0,28584315.0,26716312.0,25040773.0,16300928.0,14516226.0,16497445.0,13993993.0]}