{"sampling_mode":"Linear","iters":[5.580078098837048e17,1.1160156197674097e18,1.6740234296511145e18,2.2320312395348193e18,2.790039049418524e18,3.348046859302229e18,3.906054669185934e18,4.4640624790696387e18,5.022070288953344e18,5.580078098837048e18],"times":[10033298.0,11131540.0,11119578.0,10604397.0,10545734.0,10561322.0,10536364.0,10613722.0,10879700.0,9457634.0]}