{"sampling_mode":"Linear","iters":[5.554405848165264e17,1.1108811696330528e18,1.6663217544495793e18,2.2217623392661056e18,2.777202924082632e18,3.3326435088991585e18,3.888084093715685e18,4.443524678532211e18,4.998965263348738e18,5.554405848165264e18],"times":[30453542.0,31275348.0,23458150.0,23143924.0,23148281.0,23039976.0,26849754.0,29332927.0,22911243.0,54484696.0]}