{"sampling_mode":"Linear","iters":[5.581592615438656e17,1.1163185230877312e18,1.6744777846315968e18,2.2326370461754624e18,2.790796307719328e18,3.3489555692631936e18,3.9071148308070595e18,4.465274092350925e18,5.02343335389479e18,5.581592615438655e18],"times":[4008165.0,8048646.0,5557319.0,3937317.0,3983463.0,3958306.0,3957026.0,4064336.0,3984774.0,3970741.0]}