{"mean":{"confidence_interval":{"confidence_level":0.95,"lower_bound":12294.484342403628,"upper_bound":36425.268431132645},"point_estimate":22408.43343027618,"standard_error":6310.970738249282},"median":{"confidence_interval":{"confidence_level":0.95,"lower_bound":9512.819956279873,"upper_bound":28160.419835560126},"point_estimate":13714.103888317917,"standard_error":5301.536300014769},"median_abs_dev":{"confidence_interval":{"confidence_level":0.95,"lower_bound":1700.8783769076892,"upper_bound":23977.56520740665},"point_estimate":7744.353132174517,"standard_error":6023.510191747963},"slope":{"confidence_interval":{"confidence_level":0.95,"lower_bound":9133.546031655802,"upper_bound":15115.816340031422},"point_estimate":10904.999805128069,"standard_error":1554.3357940378876},"std_dev":{"confidence_interval":{"confidence_level":0.95,"lower_bound":4485.86151541461,"upper_bound":30552.700081932104},"point_estimate":21037.26319616597,"standard_error":7509.544853830857}}