{"mean":{"confidence_interval":{"confidence_level":0.95,"lower_bound":9.204425429893011e-13,"upper_bound":2.6160459421786697e-12},"point_estimate":1.6470343986314844e-12,"standard_error":4.4197637554454634e-13},"median":{"confidence_interval":{"confidence_level":0.95,"lower_bound":6.639640901186556e-13,"upper_bound":2.2902913191453815e-12},"point_estimate":1.0608899678666863e-12,"standard_error":4.649076142442139e-13},"median_abs_dev":{"confidence_interval":{"confidence_level":0.95,"lower_bound":1.1996170166510553e-13,"upper_bound":1.868889465420826e-12},"point_estimate":7.469803511357258e-13,"standard_error":4.764890441654561e-13},"slope":{"confidence_interval":{"confidence_level":0.95,"lower_bound":6.500563989165759e-13,"upper_bound":1.1596080023697555e-12},"point_estimate":7.971393184360145e-13,"standard_error":1.343225517597491e-13},"std_dev":{"confidence_interval":{"confidence_level":0.95,"lower_bound":4.494996519179249e-13,"upper_bound":2.116623030393303e-12},"point_estimate":1.468616160795108e-12,"standard_error":4.915748922862043e-13}}