{"sampling_mode":"Linear","iters":[5.5823412326991994e17,1.1164682465398399e18,1.6747023698097597e18,2.2329364930796797e18,2.7911706163496e18,3.3494047396195195e18,3.9076388628894397e18,4.4658729861593595e18,5.02410710942928e18,5.5823412326992e18],"times":[15687209.0,11027874.0,12494813.0,9742414.0,8564712.0,12382389.0,8580400.0,8264965.0,8594442.0,8774238.0]}