{"sampling_mode":"Linear","iters":[5.5505539511611264e17,1.1101107902322253e18,1.665166185348338e18,2.2202215804644506e18,2.7752769755805635e18,3.330332370696676e18,3.885387765812788e18,4.440443160928901e18,4.995498556045014e18,5.550553951161127e18],"times":[36282388.0,32084459.0,32323948.0,32072316.0,32285844.0,32388941.0,32212906.0,32230433.0,32191935.0,32320849.0]}