{"sampling_mode":"Linear","iters":[5.580685645421318e17,1.1161371290842636e18,1.6742056936263954e18,2.232274258168527e18,2.790342822710659e18,3.348411387252791e18,3.9064799517949225e18,4.464548516337054e18,5.022617080879186e18,5.580685645421318e18],"times":[1057766.0,1794507.0,1127623.0,1072003.0,1052102.0,1048032.0,1047191.0,1048642.0,1052642.0,1048161.0]}