{"sampling_mode":"Linear","iters":[5.5891914604473696e17,1.1178382920894739e18,1.6767574381342108e18,2.2356765841789478e18,2.7945957302236846e18,3.3535148762684216e18,3.9124340223131587e18,4.4713531683578957e18,5.030272314402633e18,5.589191460447369e18],"times":[2536253.0,2527767.0,2528589.0,5565705.0,3284776.0,2583526.0,2542609.0,2530924.0,2526195.0,2537743.0]}