{"sampling_mode":"Linear","iters":[5.5238503086459117e17,1.1047700617291823e18,1.6571550925937736e18,2.2095401234583647e18,2.761925154322956e18,3.314310185187547e18,3.866695216052138e18,4.4190802469167293e18,4.971465277781321e18,5.523850308645912e18],"times":[48389780.0,38366500.0,47475349.0,30775183.0,31246731.0,37034040.0,38215661.0,47374750.0,46191533.0,32413903.0]}