{"mean":{"confidence_interval":{"confidence_level":0.95,"lower_bound":0.0002519087765316674,"upper_bound":0.0007410584611937642},"point_estimate":0.0004561887736596212,"standard_error":0.00012830133237055048},"median":{"confidence_interval":{"confidence_level":0.95,"lower_bound":0.00019365736480732326,"upper_bound":0.0005802535899353499},"point_estimate":0.0002845171684277197,"standard_error":0.0001030374641251955},"median_abs_dev":{"confidence_interval":{"confidence_level":0.95,"lower_bound":0.000026544132229397914,"upper_bound":0.00044738993565695737},"point_estimate":0.00016101021616405308,"standard_error":0.00011763691812172693},"slope":{"confidence_interval":{"confidence_level":0.95,"lower_bound":0.00019356312915662393,"upper_bound":0.0003053531861381365},"point_estimate":0.00022560544498287857,"standard_error":0.0000295103742867681},"std_dev":{"confidence_interval":{"confidence_level":0.95,"lower_bound":0.00009103168448977071,"upper_bound":0.0006256360598181457},"point_estimate":0.00042886307868226847,"standard_error":0.00015673121848987985}}