{"sampling_mode":"Linear","iters":[5.57966120783213e17,1.115932241566426e18,1.673898362349639e18,2.231864483132852e18,2.789830603916065e18,3.347796724699278e18,3.905762845482491e18,4.463728966265704e18,5.021695087048917e18,5.57966120783213e18],"times":[22657009.0,18223486.0,16606357.0,16564953.0,16567825.0,25508469.0,28914003.0,16520505.0,17374877.0,17655518.0]}