{"sampling_mode":"Linear","iters":[5.553072154254647e17,1.1106144308509294e18,1.665921646276394e18,2.2212288617018588e18,2.7765360771273236e18,3.331843292552788e18,3.887150507978253e18,4.4424577234037176e18,4.997764938829182e18,5.553072154254647e18],"times":[23474403.0,20673611.0,20508790.0,20502657.0,20526574.0,20597315.0,20552764.0,20492748.0,20561338.0,20480143.0]}