{"sampling_mode":"Linear","iters":[5.549256299625389e17,1.1098512599250778e18,1.6647768898876165e18,2.2197025198501555e18,2.7746281498126945e18,3.329553779775233e18,3.884479409737772e18,4.439405039700311e18,4.99433066966285e18,5.549256299625389e18],"times":[29896690.0,25453030.0,24610036.0,25257457.0,25814737.0,25977965.0,25125446.0,25584026.0,24361840.0,25328154.0]}