{"sampling_mode":"Linear","iters":[5.576094477612136e17,1.1152188955224271e18,1.6728283432836408e18,2.2304377910448543e18,2.7880472388060677e18,3.3456566865672817e18,3.903266134328495e18,4.4608755820897085e18,5.018485029850922e18,5.576094477612135e18],"times":[24133074.0,23018681.0,25052244.0,24313218.0,30774076.0,34938731.0,31881263.0,25672241.0,23377087.0,26705852.0]}