{"sampling_mode":"Linear","iters":[5.5568440063971366e17,1.1113688012794273e18,1.6670532019191409e18,2.2227376025588547e18,2.7784220031985684e18,3.3341064038382817e18,3.8897908044779955e18,4.4454752051177093e18,5.001159605757423e18,5.556844006397137e18],"times":[26836597.0,32211922.0,27495176.0,24415327.0,24074945.0,16878114.0,16440704.0,19294216.0,16475536.0,17047848.0]}