{"sampling_mode":"Linear","iters":[5.566690760781307e17,1.1133381521562614e18,1.670007228234392e18,2.2266763043125228e18,2.7833453803906534e18,3.340014456468784e18,3.896683532546915e18,4.4533526086250455e18,5.010021684703177e18,5.566690760781307e18],"times":[19838270.0,19423133.0,19296751.0,19157792.0,19142552.0,19243525.0,19283642.0,19114301.0,19189311.0,19229182.0]}