{"sampling_mode":"Linear","iters":[5.583988799568432e17,1.1167977599136864e18,1.6751966398705295e18,2.2335955198273728e18,2.791994399784216e18,3.350393279741059e18,3.9087921596979026e18,4.4671910396547456e18,5.025589919611589e18,5.583988799568432e18],"times":[5690920.0,2053129.0,2016208.0,2006428.0,2012176.0,2009790.0,2001146.0,1994792.0,1996547.0,1996338.0]}