{"sampling_mode":"Linear","iters":[5.576655141582187e17,1.1153310283164374e18,1.672996542474656e18,2.2306620566328748e18,2.788327570791093e18,3.345993084949312e18,3.903658599107531e18,4.4613241132657495e18,5.018989627423968e18,5.576655141582186e18],"times":[15152868.0,12034257.0,11724714.0,11773639.0,11708425.0,15203270.0,11952937.0,12976509.0,11648071.0,16244522.0]}