{"sampling_mode":"Linear","iters":[5.588069848683238e17,1.1176139697366476e18,1.6764209546049713e18,2.235227939473295e18,2.7940349243416187e18,3.3528419092099425e18,3.9116488940782664e18,4.47045587894659e18,5.029262863814914e18,5.588069848683237e18],"times":[1809283.0,1807731.0,1806074.0,1809160.0,1822060.0,2271409.0,1814287.0,1804639.0,1807567.0,1799763.0]}