{"sampling_mode":"Linear","iters":[5.518688288772702e17,1.1037376577545404e18,1.6556064866318106e18,2.2074753155090808e18,2.759344144386351e18,3.311212973263621e18,3.8630818021408916e18,4.4149506310181617e18,4.966819459895432e18,5.518688288772702e18],"times":[26457338.0,26206574.0,26371974.0,26269387.0,26346684.0,31794161.0,29376062.0,44274419.0,26838558.0,26297660.0]}