{"mean":{"confidence_interval":{"confidence_level":0.95,"lower_bound":0.000033319534792255724,"upper_bound":0.00011865426928676149},"point_estimate":0.00006855795908410326,"standard_error":0.00002257372603005029},"median":{"confidence_interval":{"confidence_level":0.95,"lower_bound":0.0000257411960833511,"upper_bound":0.00008781506422832512},"point_estimate":0.0000374212053093899,"standard_error":0.000015296963599670075},"median_abs_dev":{"confidence_interval":{"confidence_level":0.95,"lower_bound":2.3181171626101247e-6,"upper_bound":0.00007369501717462748},"point_estimate":0.000017614292824334477,"standard_error":0.00001848353865257051},"slope":{"confidence_interval":{"confidence_level":0.95,"lower_bound":0.000027033390422880413,"upper_bound":0.00004198570473901515},"point_estimate":0.00003135404354631984,"standard_error":3.93203673300017e-6},"std_dev":{"confidence_interval":{"confidence_level":0.95,"lower_bound":9.05297840002603e-6,"upper_bound":0.00010948639581891939},"point_estimate":0.00007504477150693044,"standard_error":0.00002873866844397688}}