{"sampling_mode":"Linear","iters":[5.585373078287582e17,1.1170746156575164e18,1.6756119234862746e18,2.2341492313150328e18,2.792686539143791e18,3.351223846972549e18,3.9097611548013076e18,4.4682984626300657e18,5.026835770458824e18,5.585373078287582e18],"times":[14001648.0,8034421.0,9474768.0,13798971.0,11785760.0,9356871.0,12616798.0,10573418.0,10187528.0,7490420.0]}