{"mean":{"confidence_interval":{"confidence_level":0.95,"lower_bound":7.429815992694422e-12,"upper_bound":2.4947565718013715e-11},"point_estimate":1.4496069056230973e-11,"standard_error":4.710891719669056e-12},"median":{"confidence_interval":{"confidence_level":0.95,"lower_bound":5.917064495929509e-12,"upper_bound":1.7140628610173355e-11},"point_estimate":8.472383102203409e-12,"standard_error":3.01497836312278e-12},"median_abs_dev":{"confidence_interval":{"confidence_level":0.95,"lower_bound":1.1742768053495892e-12,"upper_bound":1.3184429134421768e-11},"point_estimate":4.626189086995481e-12,"standard_error":3.438081136478577e-12},"slope":{"confidence_interval":{"confidence_level":0.95,"lower_bound":5.629973536667954e-12,"upper_bound":9.159905202190695e-12},"point_estimate":6.666447568982031e-12,"standard_error":9.211568682408529e-13},"std_dev":{"confidence_interval":{"confidence_level":0.95,"lower_bound":2.6283839802221015e-12,"upper_bound":2.3454639503543852e-11},"point_estimate":1.568406178495603e-11,"standard_error":6.426285737102049e-12}}