{"sampling_mode":"Linear","iters":[5.528128193046709e17,1.1056256386093418e18,1.6584384579140127e18,2.2112512772186836e18,2.7640640965233546e18,3.3168769158280253e18,3.8696897351326966e18,4.4225025544373673e18,4.975315373742038e18,5.528128193046709e18],"times":[36872049.0,57667540.0,44260850.0,39161446.0,27294766.0,33448063.0,25531702.0,36780641.0,38468044.0,25398300.0]}