{"sampling_mode":"Linear","iters":[5.5656064271210925e17,1.1131212854242185e18,1.6696819281363277e18,2.226242570848437e18,2.7828032135605463e18,3.3393638562726554e18,3.895924498984765e18,4.452485141696874e18,5.009045784408984e18,5.565606427121093e18],"times":[13733039.0,12250982.0,8716495.0,8572249.0,8673799.0,8670390.0,8650986.0,8637069.0,13031430.0,13386181.0]}