{"mean":{"confidence_interval":{"confidence_level":0.95,"lower_bound":6060507.466190477,"upper_bound":18022450.677994028},"point_estimate":11055053.243690476,"standard_error":3145649.627367919},"median":{"confidence_interval":{"confidence_level":0.95,"lower_bound":4703476.125,"upper_bound":14144749.875},"point_estimate":6864242.091666667,"standard_error":2506014.9412352713},"median_abs_dev":{"confidence_interval":{"confidence_level":0.95,"lower_bound":845482.1104896915,"upper_bound":10889143.735104054},"point_estimate":3914134.7864352167,"standard_error":2844035.919956185},"slope":{"confidence_interval":{"confidence_level":0.95,"lower_bound":4567133.691850594,"upper_bound":7386429.51747853},"point_estimate":5389767.685714286,"standard_error":741043.271731555},"std_dev":{"confidence_interval":{"confidence_level":0.95,"lower_bound":2278261.9606154785,"upper_bound":15332371.91459588},"point_estimate":10505621.867422132,"standard_error":3843373.036299162}}