{"sampling_mode":"Linear","iters":[5.55216047094171e17,1.110432094188342e18,1.665648141282513e18,2.220864188376684e18,2.776080235470855e18,3.331296282565026e18,3.886512329659197e18,4.441728376753368e18,4.996944423847539e18,5.55216047094171e18],"times":[34245273.0,23726104.0,30609730.0,31793249.0,22875825.0,21502528.0,26645803.0,30247204.0,32625922.0,30224746.0]}