{"sampling_mode":"Linear","iters":[5.587819297563616e17,1.1175638595127232e18,1.6763457892690847e18,2.2351277190254464e18,2.793909648781808e18,3.3526915785381693e18,3.911473508294531e18,4.470255438050893e18,5.029037367807255e18,5.587819297563616e18],"times":[5629416.0,7242388.0,7080264.0,7835410.0,7956659.0,7632081.0,7809119.0,7431111.0,7734537.0,8056262.0]}