{"sampling_mode":"Linear","iters":[5.588057918409422e17,1.1176115836818844e18,1.6764173755228268e18,2.2352231673637688e18,2.794028959204711e18,3.3528347510456535e18,3.9116405428865956e18,4.4704463347275377e18,5.02925212656848e18,5.588057918409422e18],"times":[4043999.0,3633036.0,3421422.0,5793985.0,3682137.0,3768797.0,4031514.0,3717209.0,4148514.0,2128439.0]}