{"mean":{"confidence_interval":{"confidence_level":0.95,"lower_bound":3.1171793744955982e-12,"upper_bound":1.2716219006986922e-11},"point_estimate":7.068129796228162e-12,"standard_error":2.545416182496939e-12},"median":{"confidence_interval":{"confidence_level":0.95,"lower_bound":2.2810753706731418e-12,"upper_bound":8.8940032061273e-12},"point_estimate":3.4879180141006975e-12,"standard_error":1.7783219774677584e-12},"median_abs_dev":{"confidence_interval":{"confidence_level":0.95,"lower_bound":2.730644995242834e-13,"upper_bound":8.024917002147264e-12},"point_estimate":1.794586602341501e-12,"standard_error":2.1492776753622508e-12},"slope":{"confidence_interval":{"confidence_level":0.95,"lower_bound":2.330986747634933e-12,"upper_bound":4.028261582223032e-12},"point_estimate":2.8188453653870203e-12,"standard_error":4.5459726728046123e-13},"std_dev":{"confidence_interval":{"confidence_level":0.95,"lower_bound":1.0925521089985495e-12,"upper_bound":1.2448316096015702e-11},"point_estimate":8.464130320394613e-12,"standard_error":3.2836034471974796e-12}}