{"sampling_mode":"Linear","iters":[5.577272430479093e17,1.1154544860958186e18,1.6731817291437279e18,2.2309089721916372e18,2.7886362152395464e18,3.3463634582874557e18,3.904090701335365e18,4.4618179443832745e18,5.019545187431183e18,5.577272430479093e18],"times":[11224660.0,10536230.0,10240065.0,10146601.0,11622886.0,14053004.0,9993583.0,9995924.0,14016881.0,10239070.0]}