{"sampling_mode":"Linear","iters":[5.5897395372582675e17,1.1179479074516535e18,1.6769218611774802e18,2.235895814903307e18,2.794869768629134e18,3.3538437223549604e18,3.9128176760807875e18,4.471791629806614e18,5.030765583532441e18,5.589739537258268e18],"times":[779639.0,786493.0,780474.0,779941.0,963277.0,1038701.0,779359.0,818979.0,788689.0,779485.0]}