{"sampling_mode":"Linear","iters":[5.5891984888767846e17,1.1178396977753569e18,1.6767595466630354e18,2.2356793955507139e18,2.7945992444383923e18,3.353519093326071e18,3.912438942213749e18,4.4713587911014277e18,5.030278639989107e18,5.589198488876785e18],"times":[260976.0,260625.0,270830.0,260779.0,259646.0,260716.0,260526.0,266988.0,260988.0,260158.0]}