{"sampling_mode":"Linear","iters":[5.57696999140231e17,1.115393998280462e18,1.673090997420693e18,2.230787996560924e18,2.788484995701155e18,3.346181994841386e18,3.9038789939816166e18,4.461575993121848e18,5.019272992262078e18,5.57696999140231e18],"times":[10125202.0,5056723.0,3901798.0,4227232.0,3836342.0,3922758.0,9929937.0,5028865.0,8626861.0,3825361.0]}