{"sampling_mode":"Linear","iters":[8642941032649012.0,1.7285882065298024e16,2.5928823097947036e16,3.457176413059605e16,4.321470516324506e16,5.185764619589407e16,6.050058722854309e16,6.91435282611921e16,7.77864692938411e16,8.642941032649011e16],"times":[35766861.0,37185811.0,40666124.0,49355668.0,51575165.0,35819839.0,34967436.0,34683016.0,34952056.0,34656841.0]}