{"sampling_mode":"Linear","iters":[5.5865186626930797e17,1.1173037325386159e18,1.675955598807924e18,2.2346074650772319e18,2.79325933134654e18,3.351911197615848e18,3.910563063885156e18,4.4692149301544637e18,5.027866796423772e18,5.58651866269308e18],"times":[2563647.0,2536116.0,2544964.0,3017127.0,2585042.0,2555973.0,2537903.0,2707413.0,2546311.0,2551857.0]}