{"sampling_mode":"Linear","iters":[1.7290599634355906e16,3.4581199268711812e16,5.187179890306772e16,6.9162398537423624e16,8.645299817177954e16,1.0374359780613544e17,1.2103419744049134e17,1.3832479707484725e17,1.5561539670920317e17,1.7290599634355907e17],"times":[3430593.0,3308407.0,3322005.0,3335772.0,3321030.0,3305736.0,3321901.0,3428141.0,3314761.0,3311716.0]}