{"sampling_mode":"Linear","iters":[5.5740621624592896e17,1.1148124324918579e18,1.672218648737787e18,2.2296248649837158e18,2.787031081229645e18,3.344437297475574e18,3.9018435137215027e18,4.4592497299674317e18,5.016655946213361e18,5.57406216245929e18],"times":[20081141.0,31862906.0,27528348.0,25802076.0,24240723.0,17427095.0,17028977.0,17048286.0,17044310.0,17074604.0]}