{"mean":{"confidence_interval":{"confidence_level":0.95,"lower_bound":2.957928135412919e-12,"upper_bound":8.965475547473399e-12},"point_estimate":5.465640000053056e-12,"standard_error":1.5831039823283298e-12},"median":{"confidence_interval":{"confidence_level":0.95,"lower_bound":2.2904180002790704e-12,"upper_bound":6.9446193009195614e-12},"point_estimate":3.366008478476615e-12,"standard_error":1.2196626533931027e-12},"median_abs_dev":{"confidence_interval":{"confidence_level":0.95,"lower_bound":4.2972606955439864e-13,"upper_bound":5.376215988163704e-12},"point_estimate":1.897329371552306e-12,"standard_error":1.3922749765334757e-12},"slope":{"confidence_interval":{"confidence_level":0.95,"lower_bound":2.2199548746198326e-12,"upper_bound":3.608645324677942e-12},"point_estimate":2.6280506112107504e-12,"standard_error":3.6540059652769817e-13},"std_dev":{"confidence_interval":{"confidence_level":0.95,"lower_bound":1.1260076985491953e-12,"upper_bound":7.766144893767443e-12},"point_estimate":5.312100842573772e-12,"standard_error":1.9641230843582465e-12}}