{"sampling_mode":"Linear","iters":[5.588564287605511e17,1.1177128575211022e18,1.6765692862816532e18,2.2354257150422044e18,2.7942821438027556e18,3.3531385725633065e18,3.911995001323858e18,4.470851430084409e18,5.02970785884496e18,5.588564287605511e18],"times":[1002803.0,1008027.0,999351.0,1019713.0,996087.0,1001229.0,1043521.0,1588642.0,1071643.0,998622.0]}