{"sampling_mode":"Linear","iters":[5.5825864107152986e17,1.1165172821430597e18,1.6747759232145894e18,2.2330345642861194e18,2.7912932053576494e18,3.349551846429179e18,3.907810487500709e18,4.466069128572239e18,5.024327769643769e18,5.582586410715299e18],"times":[38009209.0,46317758.0,58144034.0,52437419.0,42642311.0,37689932.0,32361177.0,39465141.0,48774384.0,49098266.0]}