{"sampling_mode":"Linear","iters":[1.7289336408164594e16,3.4578672816329188e16,5.1868009224493784e16,6.9157345632658376e16,8.644668204082298e16,1.0373601844898757e17,1.2102535485715216e17,1.3831469126531675e17,1.5560402767348134e17,1.7289336408164595e17],"times":[18219955.0,18125048.0,17914674.0,18067605.0,18062888.0,17997223.0,18186202.0,18112886.0,18183460.0,18048164.0]}