{"mean":{"confidence_interval":{"confidence_level":0.95,"lower_bound":29928.3454881354,"upper_bound":94341.41990825419},"point_estimate":56764.44314817492,"standard_error":17068.749825259725},"median":{"confidence_interval":{"confidence_level":0.95,"lower_bound":20811.1826380856,"upper_bound":72734.20182186234},"point_estimate":40183.9508265857,"standard_error":13879.937572781944},"median_abs_dev":{"confidence_interval":{"confidence_level":0.95,"lower_bound":1991.5389979005363,"upper_bound":55275.53703195591},"point_estimate":28020.840816177737,"standard_error":16059.886320818066},"slope":{"confidence_interval":{"confidence_level":0.95,"lower_bound":21094.082389380725,"upper_bound":38590.01894347895},"point_estimate":26162.53166307377,"standard_error":4563.811816747482},"std_dev":{"confidence_interval":{"confidence_level":0.95,"lower_bound":13955.309148749637,"upper_bound":83713.03695691176},"point_estimate":56894.734995460254,"standard_error":21349.22175418934}}