{"sampling_mode":"Linear","iters":[5.5231686242039046e17,1.1046337248407809e18,1.6569505872611715e18,2.2092674496815619e18,2.7615843121019525e18,3.313901174522343e18,3.8662180369427333e18,4.4185348993631237e18,4.970851761783514e18,5.523168624203905e18],"times":[41049604.0,37829184.0,30710365.0,30875689.0,31981524.0,28036390.0,27851752.0,28138069.0,27703211.0,27699001.0]}