{"sampling_mode":"Linear","iters":[5.5693540682852243e17,1.1138708136570449e18,1.6708062204855672e18,2.2277416273140897e18,2.784677034142612e18,3.3416124409711345e18,3.898547847799657e18,4.4554832546281795e18,5.012418661456701e18,5.569354068285224e18],"times":[21049014.0,19041690.0,19010793.0,19017543.0,19065361.0,19035095.0,18983753.0,19020645.0,19003386.0,18993581.0]}