{"sampling_mode":"Linear","iters":[5.586704668566228e17,1.1173409337132456e18,1.6760114005698683e18,2.2346818674264911e18,2.793352334283114e18,3.3520228011397366e18,3.9106932679963597e18,4.4693637348529823e18,5.028034201709605e18,5.586704668566228e18],"times":[3732562.0,3705462.0,5655816.0,4234837.0,3719842.0,3747940.0,3731180.0,3707234.0,3706302.0,3706006.0]}