{"sampling_mode":"Linear","iters":[5.5872976235518694e17,1.1174595247103739e18,1.6761892870655608e18,2.2349190494207478e18,2.7936488117759345e18,3.3523785741311217e18,3.911108336486309e18,4.4698380988414956e18,5.028567861196682e18,5.587297623551869e18],"times":[3652952.0,3555256.0,4631686.0,4669312.0,3603506.0,3557901.0,3556562.0,3551421.0,3551907.0,3550617.0]}