{"sampling_mode":"Linear","iters":[8696362692180340.0,1.739272538436068e16,2.608908807654102e16,3.478545076872136e16,4.34818134609017e16,5.217817615308204e16,6.087453884526238e16,6.957090153744272e16,7.826726422962306e16,8.69636269218034e16],"times":[26349065.0,26411694.0,25850894.0,29968552.0,30247009.0,26047889.0,25739829.0,39330045.0,26433271.0,26487280.0]}