{"mean":{"confidence_interval":{"confidence_level":0.95,"lower_bound":2.677972173225368e-12,"upper_bound":1.2021233327869247e-11},"point_estimate":6.209264073142112e-12,"standard_error":2.6299553366425182e-12},"median":{"confidence_interval":{"confidence_level":0.95,"lower_bound":2.107706330747568e-12,"upper_bound":6.11557006922467e-12},"point_estimate":3.3513124372543843e-12,"standard_error":1.2401784518285932e-12},"median_abs_dev":{"confidence_interval":{"confidence_level":0.95,"lower_bound":6.461132751088219e-13,"upper_bound":4.656660524808235e-12},"point_estimate":2.0812221155353157e-12,"standard_error":1.1922216950062043e-12},"slope":{"confidence_interval":{"confidence_level":0.95,"lower_bound":1.7621911309811974e-12,"upper_bound":3.5524180534629916e-12},"point_estimate":2.3441849974217635e-12,"standard_error":4.624652099450612e-13},"std_dev":{"confidence_interval":{"confidence_level":0.95,"lower_bound":1.230250159460303e-12,"upper_bound":1.3433416654406446e-11},"point_estimate":8.76264632308232e-12,"standard_error":4.198561294885978e-12}}