{"sampling_mode":"Linear","iters":[5.5789680461179866e17,1.1157936092235973e18,1.673690413835396e18,2.2315872184471946e18,2.789484023058993e18,3.347380827670792e18,3.9052776322825907e18,4.463174436894389e18,5.021071241506188e18,5.578968046117986e18],"times":[17083322.0,7309974.0,10235571.0,10190941.0,9981490.0,10458450.0,9592395.0,9820098.0,8832808.0,6247341.0]}