{"sampling_mode":"Linear","iters":[5.577352215732187e17,1.1154704431464374e18,1.673205664719656e18,2.2309408862928748e18,2.7886761078660936e18,3.346411329439312e18,3.9041465510125307e18,4.4618817725857495e18,5.019616994158968e18,5.577352215732187e18],"times":[20329356.0,18092773.0,17682191.0,18102771.0,18079509.0,18163973.0,18046001.0,12426051.0,9371694.0,9479164.0]}