{"sampling_mode":"Linear","iters":[5.5876658509617434e17,1.1175331701923487e18,1.676299755288523e18,2.2350663403846973e18,2.793832925480872e18,3.352599510577046e18,3.91136609567322e18,4.4701326807693947e18,5.028899265865569e18,5.587665850961744e18],"times":[15436933.0,9652867.0,8689170.0,11594892.0,9529292.0,9516606.0,11785152.0,10426648.0,9481935.0,12206284.0]}