{"sampling_mode":"Linear","iters":[5.5401890082667117e17,1.1080378016533423e18,1.6620567024800136e18,2.2160756033066847e18,2.770094504133356e18,3.324113404960027e18,3.878132305786698e18,4.4321512066133693e18,4.986170107440041e18,5.540189008266712e18],"times":[43533775.0,43077170.0,43029537.0,43043718.0,43035022.0,43050405.0,43080456.0,43024203.0,43033283.0,43076609.0]}