{"sampling_mode":"Linear","iters":[5.587553232744599e17,1.1175106465489198e18,1.6762659698233797e18,2.2350212930978396e18,2.7937766163723e18,3.3525319396467594e18,3.911287262921219e18,4.470042586195679e18,5.028797909470139e18,5.5875532327446e18],"times":[8346057.0,8465375.0,5293995.0,7040957.0,4320309.0,6600687.0,7987673.0,7431679.0,4541749.0,7191309.0]}