{"sampling_mode":"Linear","iters":[5.5661439464332166e17,1.1132287892866433e18,1.669843183929965e18,2.2264575785732867e18,2.783071973216608e18,3.33968636785993e18,3.8963007625032515e18,4.4529151571465733e18,5.009529551789895e18,5.566143946433217e18],"times":[26603635.0,25345092.0,25337148.0,25578587.0,25344546.0,25339794.0,25427785.0,25327977.0,28885461.0,25710154.0]}