{"mean":{"confidence_interval":{"confidence_level":0.95,"lower_bound":1.148745311128167e-7,"upper_bound":3.4959443850043067e-7},"point_estimate":2.1335297128458482e-7,"standard_error":6.211414222521655e-8},"median":{"confidence_interval":{"confidence_level":0.95,"lower_bound":7.709213031964802e-8,"upper_bound":2.6690830941671375e-7},"point_estimate":1.5623746761011285e-7,"standard_error":5.62407220218713e-8},"median_abs_dev":{"confidence_interval":{"confidence_level":0.95,"lower_bound":7.112739940364489e-9,"upper_bound":2.0586455894512207e-7},"point_estimate":1.1241966879884921e-7,"standard_error":6.422401231372688e-8},"slope":{"confidence_interval":{"confidence_level":0.95,"lower_bound":8.244824502955494e-8,"upper_bound":1.4924510490546913e-7},"point_estimate":1.0129944431334833e-7,"standard_error":1.756866488275134e-8},"std_dev":{"confidence_interval":{"confidence_level":0.95,"lower_bound":5.831547811940691e-8,"upper_bound":3.0589561739603935e-7},"point_estimate":2.0749088803095848e-7,"standard_error":7.715822120605218e-8}}