{"sampling_mode":"Linear","iters":[5.5888871965106554e17,1.1177774393021311e18,1.6766661589531965e18,2.2355548786042621e18,2.7944435982553277e18,3.353332317906393e18,3.912221037557459e18,4.4711097572085243e18,5.02999847685959e18,5.588887196510655e18],"times":[5363477.0,5826146.0,7519587.0,5198631.0,5114466.0,5097480.0,5104582.0,5093972.0,5090193.0,5104138.0]}