{"sampling_mode":"Linear","iters":[5.5811757785901914e17,1.1162351557180383e18,1.6743527335770573e18,2.2324703114360765e18,2.790587889295096e18,3.3487054671541146e18,3.906823045013134e18,4.464940622872153e18,5.023058200731172e18,5.581175778590192e18],"times":[10106552.0,6015090.0,8589466.0,8190694.0,8020571.0,5718217.0,5729044.0,5733756.0,5803854.0,5708046.0]}