{"mean":{"confidence_interval":{"confidence_level":0.95,"lower_bound":1.6775008505696683e-12,"upper_bound":5.423071032919745e-12},"point_estimate":3.2366059786515993e-12,"standard_error":9.940099960211083e-13},"median":{"confidence_interval":{"confidence_level":0.95,"lower_bound":1.3485943253827902e-12,"upper_bound":3.86421849823e-12},"point_estimate":1.8867962076173518e-12,"standard_error":7.069467799528927e-13},"median_abs_dev":{"confidence_interval":{"confidence_level":0.95,"lower_bound":1.7767174555680236e-13,"upper_bound":3.238410077770393e-12},"point_estimate":8.142724119165873e-13,"standard_error":8.359653519118331e-13},"slope":{"confidence_interval":{"confidence_level":0.95,"lower_bound":1.252858426151445e-12,"upper_bound":2.105246452298115e-12},"point_estimate":1.5468234992437508e-12,"standard_error":2.2164569005183743e-13},"std_dev":{"confidence_interval":{"confidence_level":0.95,"lower_bound":5.063312440010274e-13,"upper_bound":4.892913027557854e-12},"point_estimate":3.324813459055154e-12,"standard_error":1.2723301871397948e-12}}