{"sampling_mode":"Linear","iters":[5.583627067124445e17,1.116725413424889e18,1.6750881201373335e18,2.233450826849778e18,2.7918135335622226e18,3.350176240274667e18,3.9085389469871114e18,4.466901653699556e18,5.025264360412e18,5.583627067124445e18],"times":[6628777.0,6043607.0,6417621.0,5173870.0,5371847.0,5173345.0,5184910.0,8261311.0,6777043.0,5257821.0]}