{"sampling_mode":"Linear","iters":[5.5125846653567763e17,1.1025169330713553e18,1.6537753996070328e18,2.2050338661427105e18,2.756292332678388e18,3.3075507992140657e18,3.8588092657497436e18,4.410067732285421e18,4.961326198821098e18,5.512584665356776e18],"times":[53737249.0,33150197.0,33017038.0,32547216.0,36603796.0,32576570.0,32732327.0,38885469.0,36715004.0,45435092.0]}