{"sampling_mode":"Linear","iters":[5.585720618034246e17,1.1171441236068492e18,1.6757161854102738e18,2.2342882472136983e18,2.792860309017123e18,3.3514323708205476e18,3.910004432623972e18,4.4685764944273966e18,5.027148556230821e18,5.585720618034246e18],"times":[29327706.0,28658668.0,29134699.0,28616205.0,28655288.0,28598742.0,28599957.0,28700234.0,28631291.0,28597029.0]}