{"sampling_mode":"Linear","iters":[5.586191358611811e17,1.1172382717223622e18,1.6758574075835433e18,2.2344765434447245e18,2.7930956793059057e18,3.3517148151670866e18,3.910333951028268e18,4.468953086889449e18,5.02757222275063e18,5.586191358611811e18],"times":[1553697.0,1564436.0,1905944.0,1535179.0,3896325.0,1605116.0,1585480.0,1538267.0,1602653.0,1571709.0]}