{"sampling_mode":"Linear","iters":[5.58377937166874e17,1.116755874333748e18,1.6751338115006218e18,2.233511748667496e18,2.79188968583437e18,3.3502676230012436e18,3.908645560168118e18,4.467023497334992e18,5.025401434501865e18,5.58377937166874e18],"times":[8369493.0,7556424.0,6830524.0,6441943.0,5486507.0,6486058.0,6053446.0,6466172.0,7020661.0,7446349.0]}