{"sampling_mode":"Linear","iters":[5.572191497344661e17,1.1144382994689322e18,1.6716574492033984e18,2.2288765989378644e18,2.786095748672331e18,3.343314898406797e18,3.900534048141263e18,4.457753197875729e18,5.014972347610195e18,5.572191497344662e18],"times":[15392680.0,14494863.0,14323316.0,14296664.0,14288894.0,14287309.0,14271495.0,14304627.0,14319699.0,14295037.0]}