{"sampling_mode":"Linear","iters":[5.587782033632511e17,1.1175564067265021e18,1.676334610089753e18,2.2351128134530043e18,2.7938910168162555e18,3.352669220179506e18,3.9114474235427574e18,4.4702256269060086e18,5.02900383026926e18,5.587782033632511e18],"times":[4842455.0,5402246.0,5004725.0,4765166.0,4764238.0,4763198.0,4759519.0,4802591.0,4765670.0,4787254.0]}