{"sampling_mode":"Linear","iters":[5.581970308414954e17,1.1163940616829908e18,1.6745910925244861e18,2.2327881233659817e18,2.790985154207477e18,3.3491821850489723e18,3.907379215890468e18,4.4655762467319634e18,5.023773277573459e18,5.581970308414954e18],"times":[9843526.0,7049065.0,8072616.0,8152126.0,8132796.0,7278637.0,8085114.0,8253747.0,7812279.0,7488353.0]}