{"sampling_mode":"Linear","iters":[5.562654625114998e17,1.1125309250229996e18,1.6687963875344993e18,2.225061850045999e18,2.781327312557499e18,3.3375927750689987e18,3.8938582375804984e18,4.450123700091998e18,5.006389162603497e18,5.562654625114998e18],"times":[19174894.0,20182333.0,22020349.0,20803487.0,23144931.0,37656649.0,30656056.0,26404972.0,25985648.0,25969366.0]}