{"sampling_mode":"Linear","iters":[5.587859317650206e17,1.1175718635300412e18,1.6763577952950618e18,2.2351437270600824e18,2.793929658825103e18,3.3527155905901235e18,3.911501522355144e18,4.470287454120165e18,5.029073385885185e18,5.587859317650206e18],"times":[6368350.0,2660737.0,2680827.0,2656979.0,2682023.0,2751455.0,2737600.0,2704756.0,2696353.0,2747720.0]}