{"sampling_mode":"Linear","iters":[5.585278962939722e17,1.1170557925879444e18,1.6755836888819167e18,2.234111585175889e18,2.792639481469861e18,3.3511673777638333e18,3.909695274057806e18,4.468223170351778e18,5.02675106664575e18,5.585278962939722e18],"times":[35999760.0,33308019.0,32024704.0,33788443.0,33432222.0,30256129.0,37308682.0,37517084.0,55838188.0,40369100.0]}