{"sampling_mode":"Linear","iters":[5.585773819747666e17,1.1171547639495332e18,1.6757321459242998e18,2.2343095278990664e18,2.792886909873833e18,3.3514642918485996e18,3.910041673823366e18,4.4686190557981327e18,5.027196437772899e18,5.585773819747666e18],"times":[18464591.0,17098103.0,11986673.0,12564450.0,14784989.0,13130908.0,16258029.0,11400224.0,14024734.0,16032876.0]}