{"sampling_mode":"Linear","iters":[5.5866334018250394e17,1.1173266803650079e18,1.6759900205475118e18,2.2346533607300157e18,2.7933167009125197e18,3.3519800410950236e18,3.9106433812775276e18,4.4693067214600315e18,5.027970061642535e18,5.586633401825039e18],"times":[3015445.0,2997166.0,3899681.0,3030218.0,3490828.0,5984439.0,4004974.0,4452607.0,5931762.0,4609068.0]}