{"sampling_mode":"Linear","iters":[5.5534359080254534e17,1.1106871816050907e18,1.666030772407636e18,2.2213743632101814e18,2.776717954012727e18,3.332061544815272e18,3.8874051356178176e18,4.442748726420363e18,4.998092317222908e18,5.553435908025454e18],"times":[4384037.0,4283116.0,4247056.0,4264058.0,4252462.0,4268023.0,4242654.0,4237761.0,4269166.0,4252184.0]}