{"sampling_mode":"Linear","iters":[5.5892830679944666e17,1.1178566135988933e18,1.67678492039834e18,2.2357132271977866e18,2.794641533997233e18,3.35356984079668e18,3.9124981475961267e18,4.471426454395573e18,5.03035476119502e18,5.589283067994466e18],"times":[2689317.0,1126531.0,2669915.0,2708539.0,1104882.0,1142886.0,1185761.0,1133994.0,1107456.0,1121907.0]}