{"sampling_mode":"Linear","iters":[5.584001971261942e17,1.1168003942523884e18,1.6752005913785825e18,2.2336007885047767e18,2.792000985630971e18,3.350401182757165e18,3.908801379883359e18,4.4672015770095534e18,5.025601774135748e18,5.584001971261942e18],"times":[7981324.0,8647798.0,7951150.0,7942396.0,7944034.0,7940033.0,7938581.0,7951751.0,7941326.0,7952335.0]}