{"sampling_mode":"Linear","iters":[5.5576098784405555e17,1.1115219756881111e18,1.6672829635321667e18,2.2230439513762222e18,2.778804939220278e18,3.3345659270643333e18,3.890326914908389e18,4.4460879027524444e18,5.001848890596499e18,5.557609878440556e18],"times":[26850516.0,25565727.0,25505930.0,25964036.0,25785866.0,25902225.0,25718490.0,28512595.0,25910769.0,25699315.0]}