{"sampling_mode":"Linear","iters":[5.561763977130968e17,1.1123527954261937e18,1.6685291931392906e18,2.2247055908523873e18,2.780881988565484e18,3.337058386278581e18,3.893234783991678e18,4.4494111817047747e18,5.005587579417871e18,5.561763977130968e18],"times":[43459289.0,27984597.0,38881816.0,33018024.0,26716680.0,49465437.0,38774773.0,38215272.0,33790306.0,29406151.0]}