{"mean":{"confidence_interval":{"confidence_level":0.95,"lower_bound":0.0004485011471066718,"upper_bound":0.0012687354777653798},"point_estimate":0.0007897045209986211,"standard_error":0.00021600511283626755},"median":{"confidence_interval":{"confidence_level":0.95,"lower_bound":0.00037807840908112543,"upper_bound":0.00098580913436288},"point_estimate":0.0004881066431844869,"standard_error":0.00016006074959855967},"median_abs_dev":{"confidence_interval":{"confidence_level":0.95,"lower_bound":0.00005430190757823256,"upper_bound":0.0007437021178321216},"point_estimate":0.00022036096948030467,"standard_error":0.00018866222838267202},"slope":{"confidence_interval":{"confidence_level":0.95,"lower_bound":0.0003411819087246332,"upper_bound":0.0005450516012650997},"point_estimate":0.0004099242876706999,"standard_error":0.00005283986705562454},"std_dev":{"confidence_interval":{"confidence_level":0.95,"lower_bound":0.00014054863600214656,"upper_bound":0.0010493179680254147},"point_estimate":0.0007181723566729415,"standard_error":0.00026791122811655333}}