{"sampling_mode":"Linear","iters":[5.5803811536650374e17,1.1160762307330075e18,1.6741143460995113e18,2.232152461466015e18,2.7901905768325187e18,3.3482286921990226e18,3.906266807565526e18,4.46430492293203e18,5.022343038298534e18,5.580381153665037e18],"times":[9912910.0,8451038.0,8402487.0,8049592.0,8059036.0,8089072.0,8147110.0,8199368.0,8060145.0,8074482.0]}