{"sampling_mode":"Linear","iters":[5.571943184480074e17,1.1143886368960148e18,1.6715829553440223e18,2.2287772737920297e18,2.785971592240037e18,3.3431659106880445e18,3.900360229136052e18,4.4575545475840594e18,5.014748866032067e18,5.571943184480074e18],"times":[11270474.0,11526804.0,10329892.0,10316681.0,10328562.0,12365181.0,11684416.0,10939570.0,7716829.0,11417338.0]}