{"sampling_mode":"Linear","iters":[5.5866363070277376e17,1.1173272614055475e18,1.6759908921083213e18,2.234654522811095e18,2.793318153513869e18,3.3519817842166426e18,3.9106454149194163e18,4.46930904562219e18,5.027972676324964e18,5.586636307027738e18],"times":[1327785.0,1329196.0,2198305.0,1410430.0,1329870.0,1302122.0,1332005.0,1329674.0,1302091.0,1327695.0]}