{"sampling_mode":"Linear","iters":[1.3832746205976347e17,2.7665492411952694e17,4.1498238617929043e17,5.533098482390539e17,6.916373102988174e17,8.299647723585809e17,9.682922344183443e17,1.1066196964781078e18,1.2449471585378714e18,1.3832746205976348e18],"times":[48265269.0,47585067.0,47592008.0,47714966.0,47615409.0,47606970.0,47521121.0,47629152.0,47565948.0,47523690.0]}