{"sampling_mode":"Linear","iters":[5.568905909870447e17,1.1137811819740893e18,1.670671772961134e18,2.2275623639481787e18,2.7844529549352233e18,3.341343545922268e18,3.8982341369093125e18,4.4551247278963574e18,5.012015318883402e18,5.568905909870447e18],"times":[18359352.0,12566187.0,13293988.0,12508493.0,12388287.0,12664532.0,16090353.0,12549447.0,12594182.0,12662904.0]}