{"mean":{"confidence_interval":{"confidence_level":0.95,"lower_bound":6.891564847078948e-7,"upper_bound":2.3778446865294786e-6},"point_estimate":1.3693912529914385e-6,"standard_error":4.5225337313763316e-7},"median":{"confidence_interval":{"confidence_level":0.95,"lower_bound":5.271594169870045e-7,"upper_bound":1.5901458416861403e-6},"point_estimate":7.891929037502488e-7,"standard_error":2.995930913205429e-7},"median_abs_dev":{"confidence_interval":{"confidence_level":0.95,"lower_bound":7.65777306488624e-8,"upper_bound":1.304310833033305e-6},"point_estimate":4.322726005593788e-7,"standard_error":3.4011808637765435e-7},"slope":{"confidence_interval":{"confidence_level":0.95,"lower_bound":5.261899592199578e-7,"upper_bound":8.535092032227757e-7},"point_estimate":6.18524759494062e-7,"standard_error":8.653797858556031e-8},"std_dev":{"confidence_interval":{"confidence_level":0.95,"lower_bound":2.484103869510477e-7,"upper_bound":2.2549966343894745e-6},"point_estimate":1.5070469029600193e-6,"standard_error":6.178635318099549e-7}}