{"sampling_mode":"Linear","iters":[5.584395501476629e17,1.1168791002953258e18,1.6753186504429888e18,2.2337582005906516e18,2.792197750738315e18,3.3506373008859776e18,3.9090768510336404e18,4.4675164011813033e18,5.025955951328967e18,5.58439550147663e18],"times":[2590427.0,5321190.0,2852639.0,2613931.0,2593455.0,2618940.0,2626759.0,2665739.0,2665489.0,2570947.0]}