{"sampling_mode":"Linear","iters":[5.578031234919582e17,1.1156062469839164e18,1.6734093704758746e18,2.2312124939678328e18,2.789015617459791e18,3.346818740951749e18,3.9046218644437074e18,4.4624249879356657e18,5.020228111427624e18,5.578031234919582e18],"times":[10969613.0,10135338.0,10095875.0,10022145.0,10099965.0,10102889.0,10022820.0,10034323.0,10114044.0,9996347.0]}