{"sampling_mode":"Linear","iters":[5.587318272029636e17,1.1174636544059272e18,1.676195481608891e18,2.2349273088118543e18,2.793659136014818e18,3.352390963217782e18,3.911122790420745e18,4.4698546176237087e18,5.028586444826672e18,5.587318272029636e18],"times":[6629004.0,4893133.0,4854745.0,4848857.0,4882862.0,4860219.0,4858736.0,4855332.0,4849625.0,4842722.0]}