{"mean":{"confidence_interval":{"confidence_level":0.95,"lower_bound":0.3653543391485958,"upper_bound":1.0477157547350449},"point_estimate":0.6475669027838948,"standard_error":0.1797367832446655},"median":{"confidence_interval":{"confidence_level":0.95,"lower_bound":0.29577737020222195,"upper_bound":0.7962778776712602},"point_estimate":0.42806444958262674,"standard_error":0.12486889695422697},"median_abs_dev":{"confidence_interval":{"confidence_level":0.95,"lower_bound":0.05725866838406593,"upper_bound":0.6014437428887994},"point_estimate":0.21837430421803028,"standard_error":0.14887212498646266},"slope":{"confidence_interval":{"confidence_level":0.95,"lower_bound":0.2680009436740516,"upper_bound":0.4620000246031624},"point_estimate":0.33411621260795216,"standard_error":0.0499027659659079},"std_dev":{"confidence_interval":{"confidence_level":0.95,"lower_bound":0.11844049473951862,"upper_bound":0.876323145413464},"point_estimate":0.5976407160550886,"standard_error":0.2247761804758497}}