{"sampling_mode":"Linear","iters":[5.57686038738374e17,1.115372077476748e18,1.673058116215122e18,2.230744154953496e18,2.78843019369187e18,3.346116232430244e18,3.903802271168618e18,4.461488309906992e18,5.019174348645366e18,5.57686038738374e18],"times":[5197017.0,4699735.0,4317738.0,5046456.0,6928112.0,4575922.0,4250287.0,4858386.0,5164334.0,4295225.0]}