{"sampling_mode":"Linear","iters":[5.5770699642913805e17,1.1154139928582761e18,1.6731209892874143e18,2.2308279857165522e18,2.78853498214569e18,3.3462419785748285e18,3.9039489750039665e18,4.4616559714331044e18,5.019362967862242e18,5.57706996429138e18],"times":[3032043.0,2894159.0,2874669.0,2871541.0,2870581.0,2870898.0,2984691.0,2871681.0,2882477.0,2881396.0]}