{"sampling_mode":"Linear","iters":[5.586671387449258e17,1.1173342774898516e18,1.6760014162347776e18,2.2346685549797033e18,2.793335693724629e18,3.352002832469555e18,3.910669971214481e18,4.4693371099594066e18,5.028004248704333e18,5.586671387449258e18],"times":[18779805.0,18267607.0,18301464.0,18316710.0,18306888.0,18280651.0,18192138.0,18261635.0,18346841.0,18622933.0]}