{"sampling_mode":"Linear","iters":[5.584494020550996e17,1.1168988041101992e18,1.6753482061652987e18,2.2337976082203983e18,2.792247010275498e18,3.3506964123305974e18,3.9091458143856973e18,4.4675952164407967e18,5.026044618495897e18,5.584494020550996e18],"times":[4043799.0,2044871.0,3350526.0,2047001.0,3548181.0,3875179.0,2714182.0,2052706.0,2046160.0,2048162.0]}