{"sampling_mode":"Linear","iters":[5.5597611592716896e17,1.1119522318543379e18,1.6679283477815068e18,2.2239044637086758e18,2.7798805796358446e18,3.3358566955630136e18,3.8918328114901827e18,4.4478089274173517e18,5.00378504334452e18,5.559761159271689e18],"times":[33623539.0,30982387.0,29029907.0,45537421.0,40979548.0,36072639.0,33520359.0,29692489.0,29606290.0,29302533.0]}