{"sampling_mode":"Linear","iters":[5.581894835218225e17,1.116378967043645e18,1.6745684505654676e18,2.23275793408729e18,2.7909474176091126e18,3.3491369011309353e18,3.9073263846527575e18,4.46551586817458e18,5.023705351696402e18,5.581894835218225e18],"times":[1948419.0,2976777.0,2973221.0,2490742.0,1967958.0,1990845.0,1942535.0,1944915.0,1947587.0,1952898.0]}