{"sampling_mode":"Linear","iters":[5.577306723779438e17,1.1154613447558876e18,1.6731920171338314e18,2.2309226895117752e18,2.7886533618897193e18,3.346384034267663e18,3.9041147066456064e18,4.4618453790235505e18,5.019576051401495e18,5.577306723779439e18],"times":[35726442.0,34024650.0,34056258.0,34259024.0,34115534.0,34266131.0,36337838.0,34283946.0,34422485.0,34531640.0]}