{"sampling_mode":"Linear","iters":[5.5898393797021894e17,1.1179678759404379e18,1.6769518139106568e18,2.2359357518808758e18,2.7949196898510945e18,3.3539036278213135e18,3.9128875657915325e18,4.4718715037617516e18,5.03085544173197e18,5.589839379702189e18],"times":[3435701.0,3457671.0,4373541.0,2631361.0,2987090.0,3413482.0,2129141.0,1630327.0,1680960.0,2135074.0]}