{"sampling_mode":"Linear","iters":[5.588652235343994e17,1.1177304470687988e18,1.6765956706031982e18,2.2354608941375977e18,2.794326117671997e18,3.3531913412063964e18,3.912056564740796e18,4.4709217882751954e18,5.029787011809594e18,5.588652235343994e18],"times":[13823147.0,13083616.0,12891468.0,13034475.0,12916706.0,8832713.0,8442332.0,8668378.0,8690039.0,9561235.0]}