{"sampling_mode":"Linear","iters":[5.577167134430294e17,1.1154334268860588e18,1.673150140329088e18,2.2308668537721175e18,2.788583567215147e18,3.346300280658176e18,3.9040169941012055e18,4.461733707544235e18,5.019450420987264e18,5.577167134430294e18],"times":[4851547.0,2131819.0,2138294.0,2113371.0,2135624.0,2105328.0,2099455.0,2101717.0,2093687.0,2094815.0]}