{"mean":{"confidence_interval":{"confidence_level":0.95,"lower_bound":68.88353853549377,"upper_bound":233.34281414439383},"point_estimate":138.0954549590853,"standard_error":42.93018440061168},"median":{"confidence_interval":{"confidence_level":0.95,"lower_bound":53.74978017380434,"upper_bound":182.22390767400597},"point_estimate":70.85242351533725,"standard_error":36.34906633642445},"median_abs_dev":{"confidence_interval":{"confidence_level":0.95,"lower_bound":5.98667031864882,"upper_bound":164.0028774919075},"point_estimate":32.843424525563876,"standard_error":44.08361657121414},"slope":{"confidence_interval":{"confidence_level":0.95,"lower_bound":54.41357053559,"upper_bound":85.7006197803117},"point_estimate":62.90362176254264,"standard_error":8.34537976688034},"std_dev":{"confidence_interval":{"confidence_level":0.95,"lower_bound":24.71031131834509,"upper_bound":205.88155017276912},"point_estimate":142.7163804758505,"standard_error":50.6264497532939}}