{"sampling_mode":"Linear","iters":[5.555776947029938e17,1.1111553894059876e18,1.6667330841089812e18,2.2223107788119752e18,2.777888473514969e18,3.3334661682179625e18,3.8890438629209564e18,4.4446215576239503e18,5.000199252326944e18,5.555776947029938e18],"times":[46364196.0,42760157.0,42741255.0,42906179.0,44124284.0,43159060.0,42770341.0,42724736.0,42115767.0,42885634.0]}