{"mean":{"confidence_interval":{"confidence_level":0.95,"lower_bound":51664330.800000004,"upper_bound":58264635.23333333},"point_estimate":55056963.0,"standard_error":1688636.433939497},"median":{"confidence_interval":{"confidence_level":0.95,"lower_bound":49860544.333333336,"upper_bound":59419418.66666667},"point_estimate":55477237.66666667,"standard_error":2094882.3650512695},"median_abs_dev":{"confidence_interval":{"confidence_level":0.95,"lower_bound":1369281.1511904001,"upper_bound":10748860.187369585},"point_estimate":4692547.030490639,"standard_error":2401672.281794249},"slope":null,"std_dev":{"confidence_interval":{"confidence_level":0.95,"lower_bound":3038234.499909125,"upper_bound":7037721.535074252},"point_estimate":5622261.725071982,"standard_error":1022426.8311260302}}