{"sampling_mode":"Linear","iters":[5.54048681397812e17,1.108097362795624e18,1.662146044193436e18,2.216194725591248e18,2.77024340698906e18,3.324292088386872e18,3.8783407697846835e18,4.432389451182496e18,4.986438132580308e18,5.54048681397812e18],"times":[25874912.0,31403272.0,23649605.0,29821563.0,29690518.0,23832614.0,34451577.0,39270432.0,40685367.0,38142135.0]}