{"sampling_mode":"Linear","iters":[5.588476750488289e17,1.1176953500976579e18,1.6765430251464868e18,2.2353907001953157e18,2.7942383752441446e18,3.3530860502929736e18,3.9119337253418025e18,4.4707814003906314e18,5.02962907543946e18,5.588476750488289e18],"times":[18012739.0,25640556.0,21955407.0,14405471.0,14429303.0,14345299.0,14292400.0,14280270.0,14280259.0,14271946.0]}