{"sampling_mode":"Linear","iters":[5.58042260485657e17,1.116084520971314e18,1.674126781456971e18,2.232169041942628e18,2.790211302428285e18,3.348253562913942e18,3.906295823399599e18,4.464338083885256e18,5.022380344370913e18,5.58042260485657e18],"times":[15736392.0,13487050.0,10462377.0,7744479.0,13115769.0,13560226.0,7745886.0,11093514.0,9369160.0,9299412.0]}