{"sampling_mode":"Linear","iters":[5.588132945726465e17,1.117626589145293e18,1.6764398837179397e18,2.235253178290586e18,2.7940664728632325e18,3.3528797674358794e18,3.911693062008526e18,4.470506356581172e18,5.029319651153819e18,5.588132945726465e18],"times":[4820788.0,6268383.0,6434070.0,6660821.0,5183368.0,4810805.0,4813895.0,4754682.0,4757270.0,4773027.0]}