{"sampling_mode":"Linear","iters":[5.5853587393184954e17,1.1170717478636991e18,1.6756076217955487e18,2.2341434957273981e18,2.7926793696592476e18,3.3512152435910973e18,3.9097511175229466e18,4.4682869914547963e18,5.026822865386646e18,5.585358739318495e18],"times":[4701607.0,10999287.0,10549940.0,9797887.0,10488348.0,7260010.0,4423707.0,4290686.0,4262057.0,4305646.0]}