{"sampling_mode":"Linear","iters":[5.589539637640669e17,1.1179079275281338e18,1.6768618912922007e18,2.2358158550562675e18,2.7947698188203346e18,3.3537237825844014e18,3.912677746348468e18,4.471631710112535e18,5.030585673876602e18,5.589539637640669e18],"times":[1071803.0,2325685.0,1794125.0,1082834.0,1121346.0,1351213.0,1029783.0,1040997.0,1034910.0,1026827.0]}