{"sampling_mode":"Linear","iters":[5.573624766460538e17,1.1147249532921076e18,1.6720874299381614e18,2.2294499065842153e18,2.786812383230269e18,3.344174859876323e18,3.9015373365223767e18,4.4588998131684306e18,5.016262289814484e18,5.573624766460538e18],"times":[22684380.0,14749842.0,18575401.0,20518832.0,14024403.0,13077024.0,13519202.0,14937416.0,20629221.0,18325455.0]}