{"sampling_mode":"Linear","iters":[5.5839792778337715e17,1.1167958555667543e18,1.6751937833501315e18,2.2335917111335086e18,2.7919896389168855e18,3.350387566700263e18,3.9087854944836403e18,4.467183422267017e18,5.025581350050394e18,5.583979277833771e18],"times":[4544083.0,4940715.0,5229145.0,4260375.0,4107511.0,6418168.0,7718661.0,4103554.0,4096839.0,4201581.0]}