{"sampling_mode":"Linear","iters":[5.5732950984174483e17,1.1146590196834897e18,1.6719885295252344e18,2.2293180393669793e18,2.786647549208724e18,3.343977059050469e18,3.901306568892214e18,4.4586360787339587e18,5.015965588575703e18,5.573295098417448e18],"times":[11329043.0,4552472.0,4701670.0,4865852.0,9137015.0,4490141.0,4423059.0,4376312.0,5712393.0,8345593.0]}