{"mean":{"confidence_interval":{"confidence_level":0.95,"lower_bound":4.6110952775893e-12,"upper_bound":1.513427710920697e-11},"point_estimate":8.906959811268363e-12,"standard_error":2.8111745239923226e-12},"median":{"confidence_interval":{"confidence_level":0.95,"lower_bound":3.586829383972685e-12,"upper_bound":1.0946376348318019e-11},"point_estimate":5.011659531698594e-12,"standard_error":2.1990841702912174e-12},"median_abs_dev":{"confidence_interval":{"confidence_level":0.95,"lower_bound":4.4198138511715074e-13,"upper_bound":8.775058041891888e-12},"point_estimate":2.9331484852657365e-12,"standard_error":2.42696825496556e-12},"slope":{"confidence_interval":{"confidence_level":0.95,"lower_bound":3.5684686003591168e-12,"upper_bound":5.670200429113371e-12},"point_estimate":4.19597777627671e-12,"standard_error":5.552272898236948e-13},"std_dev":{"confidence_interval":{"confidence_level":0.95,"lower_bound":2.0717847602107383e-12,"upper_bound":1.3940539433269886e-11},"point_estimate":9.363972507095078e-12,"standard_error":3.700763392795798e-12}}