{"sampling_mode":"Linear","iters":[5.580202347910849e17,1.1160404695821699e18,1.6740607043732547e18,2.2320809391643397e18,2.790101173955425e18,3.3481214087465093e18,3.9061416435375944e18,4.4641618783286794e18,5.022182113119764e18,5.58020234791085e18],"times":[18758795.0,15295653.0,16618644.0,18275090.0,16611260.0,10802505.0,15896740.0,17621034.0,14263591.0,20065910.0]}