{"mean":{"confidence_interval":{"confidence_level":0.95,"lower_bound":2.9293023099094623e-13,"upper_bound":8.910348357751943e-13},"point_estimate":5.443931326747123e-13,"standard_error":1.5663966936120957e-13},"median":{"confidence_interval":{"confidence_level":0.95,"lower_bound":2.2561234491111606e-13,"upper_bound":6.96918930418991e-13},"point_estimate":3.366633706518282e-13,"standard_error":1.2668724081479394e-13},"median_abs_dev":{"confidence_interval":{"confidence_level":0.95,"lower_bound":4.1554465264455396e-14,"upper_bound":5.515354363132102e-13},"point_estimate":1.9065465048022902e-13,"standard_error":1.4425524921199628e-13},"slope":{"confidence_interval":{"confidence_level":0.95,"lower_bound":2.190756433059087e-13,"upper_bound":3.6359984342566477e-13},"point_estimate":2.6074289172314937e-13,"standard_error":3.7837189316339e-14},"std_dev":{"confidence_interval":{"confidence_level":0.95,"lower_bound":1.1171276029694295e-13,"upper_bound":7.601655015530666e-13},"point_estimate":5.224897231811408e-13,"standard_error":1.8915247952554915e-13}}