{"sampling_mode":"Linear","iters":[5.560774499665517e17,1.1121548999331034e18,1.6682323498996552e18,2.2243097998662067e18,2.7803872498327583e18,3.3364646997993103e18,3.892542149765862e18,4.4486195997324134e18,5.004697049698966e18,5.560774499665517e18],"times":[7059459.0,6891146.0,6994388.0,6884894.0,7103773.0,6957340.0,7002799.0,6877048.0,6998711.0,6881680.0]}