{"mean":{"confidence_interval":{"confidence_level":0.95,"lower_bound":3.2327048177200708e-12,"upper_bound":1.0130772205815832e-11},"point_estimate":6.0890531282406105e-12,"standard_error":1.8242762129851966e-12},"median":{"confidence_interval":{"confidence_level":0.95,"lower_bound":2.4904492670575185e-12,"upper_bound":7.657293605316161e-12},"point_estimate":3.678497456717008e-12,"standard_error":1.3667221129422265e-12},"median_abs_dev":{"confidence_interval":{"confidence_level":0.95,"lower_bound":4.4564776946892557e-13,"upper_bound":5.899772748041337e-12},"point_estimate":2.133296561448923e-12,"standard_error":1.5550316944668278e-12},"slope":{"confidence_interval":{"confidence_level":0.95,"lower_bound":2.416742294755759e-12,"upper_bound":3.97549104274354e-12},"point_estimate":2.8708518940643118e-12,"standard_error":4.0816164914642856e-13},"std_dev":{"confidence_interval":{"confidence_level":0.95,"lower_bound":1.255857112155691e-12,"upper_bound":8.980542130598216e-12},"point_estimate":6.1064820673796305e-12,"standard_error":2.314952945454127e-12}}