{"mean":{"confidence_interval":{"confidence_level":0.95,"lower_bound":2.2270518877031287e-12,"upper_bound":7.85777698306475e-12},"point_estimate":4.415530986215719e-12,"standard_error":1.556900073386959e-12},"median":{"confidence_interval":{"confidence_level":0.95,"lower_bound":1.925031705904024e-12,"upper_bound":4.619301996232695e-12},"point_estimate":2.2378436198886823e-12,"standard_error":8.443093072335619e-13},"median_abs_dev":{"confidence_interval":{"confidence_level":0.95,"lower_bound":1.2170823334636363e-13,"upper_bound":3.3813058121949895e-12},"point_estimate":7.299437838201405e-13,"standard_error":9.791332943440237e-13},"slope":{"confidence_interval":{"confidence_level":0.95,"lower_bound":1.8763313719172404e-12,"upper_bound":2.6627694347024053e-12},"point_estimate":2.105040450715393e-12,"standard_error":2.0736446741125717e-13},"std_dev":{"confidence_interval":{"confidence_level":0.95,"lower_bound":6.210155662206323e-13,"upper_bound":7.899593070416776e-12},"point_estimate":5.199529056452103e-12,"standard_error":2.3538549520829645e-12}}