{"sampling_mode":"Linear","iters":[5.581621043002461e17,1.1163242086004922e18,1.6744863129007383e18,2.2326484172009843e18,2.7908105215012306e18,3.3489726258014766e18,3.9071347301017226e18,4.4652968344019686e18,5.023458938702215e18,5.581621043002461e18],"times":[5021763.0,4836723.0,4959284.0,4881541.0,4865986.0,4873738.0,4881614.0,5190383.0,10450938.0,10580399.0]}