{"sampling_mode":"Linear","iters":[5.580294060259337e17,1.1160588120518674e18,1.674088218077801e18,2.2321176241037348e18,2.7901470301296686e18,3.348176436155602e18,3.906205842181536e18,4.4642352482074696e18,5.022264654233403e18,5.580294060259337e18],"times":[5851891.0,5732831.0,5802452.0,5696834.0,5764460.0,5712167.0,5767705.0,5740048.0,7545318.0,5689870.0]}