{"sampling_mode":"Linear","iters":[5.547378284091052e17,1.1094756568182104e18,1.6642134852273157e18,2.2189513136364209e18,2.773689142045526e18,3.3284269704546314e18,3.8831647988637363e18,4.4379026272728417e18,4.992640455681947e18,5.547378284091052e18],"times":[24131039.0,23390388.0,23310420.0,23287274.0,23323593.0,23321333.0,23321368.0,23258573.0,23287666.0,23296761.0]}