{"sampling_mode":"Linear","iters":[5.5822875760508006e17,1.1164575152101601e18,1.6746862728152402e18,2.2329150304203203e18,2.7911437880254003e18,3.3493725456304804e18,3.9076013032355604e18,4.4658300608406405e18,5.024058818445721e18,5.582287576050801e18],"times":[10448907.0,8935848.0,7905169.0,6293627.0,6128673.0,6215634.0,7436817.0,7673719.0,7701292.0,7374594.0]}