{"sampling_mode":"Linear","iters":[5.5698151927966534e17,1.1139630385593307e18,1.670944557838996e18,2.2279260771186614e18,2.784907596398327e18,3.341889115677992e18,3.8988706349576576e18,4.455852154237323e18,5.012833673516988e18,5.569815192796654e18],"times":[17847268.0,15831567.0,16783314.0,10212418.0,14924156.0,11221907.0,16231362.0,10314332.0,16852697.0,14846984.0]}