{"sampling_mode":"Linear","iters":[5.5535308880330944e17,1.1107061776066189e18,1.6660592664099282e18,2.2214123552132378e18,2.7767654440165473e18,3.3321185328198564e18,3.887471621623166e18,4.4428247104264755e18,4.998177799229785e18,5.553530888033095e18],"times":[40460503.0,31247305.0,28547488.0,28317643.0,24575909.0,23627492.0,23619059.0,23763142.0,23626954.0,23644809.0]}