{"sampling_mode":"Linear","iters":[5.511026470386024e17,1.1022052940772047e18,1.6533079411158072e18,2.2044105881544095e18,2.7555132351930117e18,3.3066158822316145e18,3.8577185292702167e18,4.408821176308819e18,4.959923823347421e18,5.511026470386023e18],"times":[44824547.0,40651721.0,41156606.0,41414890.0,41179004.0,40859413.0,43570577.0,64003222.0,49929038.0,43725804.0]}