{"sampling_mode":"Linear","iters":[5.587900300943014e17,1.1175800601886028e18,1.676370090282904e18,2.2351601203772055e18,2.793950150471507e18,3.352740180565808e18,3.91153021066011e18,4.470320240754411e18,5.029110270848713e18,5.587900300943014e18],"times":[2465258.0,2438399.0,2426634.0,3223904.0,3447430.0,2746495.0,2438826.0,2467811.0,2428134.0,2437745.0]}