{"sampling_mode":"Linear","iters":[5.587522862535245e17,1.117504572507049e18,1.6762568587605734e18,2.235009145014098e18,2.7937614312676224e18,3.352513717521147e18,3.9112660037746714e18,4.470018290028196e18,5.028770576281721e18,5.587522862535245e18],"times":[1032504.0,1032269.0,2971289.0,1060299.0,1059494.0,1099236.0,1063080.0,1101973.0,1057576.0,1135564.0]}