{"mean":{"confidence_interval":{"confidence_level":0.95,"lower_bound":1.3071659639991413e-11,"upper_bound":4.9815854354075676e-11},"point_estimate":2.7281095450234453e-11,"standard_error":1.0135448582598864e-11},"median":{"confidence_interval":{"confidence_level":0.95,"lower_bound":1.0521683609940905e-11,"upper_bound":3.025158494373717e-11},"point_estimate":1.5879829245701964e-11,"standard_error":4.87077864939278e-12},"median_abs_dev":{"confidence_interval":{"confidence_level":0.95,"lower_bound":1.6700785602333941e-12,"upper_bound":2.0553471053175706e-11},"point_estimate":7.42900810608664e-12,"standard_error":5.45194265282424e-12},"slope":{"confidence_interval":{"confidence_level":0.95,"lower_bound":1.0166953333214266e-11,"upper_bound":1.639894591343897e-11},"point_estimate":1.2041442321662513e-11,"standard_error":1.618859886230893e-12},"std_dev":{"confidence_interval":{"confidence_level":0.95,"lower_bound":3.864515371003202e-12,"upper_bound":5.0981985818244526e-11},"point_estimate":3.364353851729202e-11,"standard_error":1.5148650389944424e-11}}