{"sampling_mode":"Linear","iters":[5.539925411945181e17,1.1079850823890362e18,1.6619776235835543e18,2.2159701647780723e18,2.7699627059725906e18,3.3239552471671086e18,3.8779477883616266e18,4.4319403295561446e18,4.985932870750663e18,5.539925411945181e18],"times":[34181420.0,30179602.0,30411885.0,30035066.0,30384394.0,30344829.0,31028244.0,30163452.0,30598537.0,30125465.0]}