{"sampling_mode":"Linear","iters":[5.5855978867843757e17,1.1171195773568751e18,1.6756793660353126e18,2.2342391547137503e18,2.792798943392188e18,3.3513587320706253e18,3.909918520749063e18,4.4684783094275005e18,5.027038098105938e18,5.585597886784376e18],"times":[21949960.0,17185473.0,17079292.0,17082052.0,16989936.0,17047532.0,17078072.0,17002396.0,17080473.0,20328709.0]}