{"sampling_mode":"Linear","iters":[5.586625549790073e17,1.1173251099580146e18,1.675987664937022e18,2.2346502199160292e18,2.7933127748950364e18,3.351975329874044e18,3.910637884853051e18,4.4693004398320584e18,5.027962994811065e18,5.586625549790073e18],"times":[2961855.0,2967745.0,3244281.0,4300510.0,3383250.0,3052254.0,2942632.0,2967455.0,2931559.0,2966868.0]}