{"sampling_mode":"Linear","iters":[5.5843786923797997e17,1.1168757384759599e18,1.67531360771394e18,2.2337514769519199e18,2.7921893461899e18,3.35062721542788e18,3.9090650846658596e18,4.4675029539038397e18,5.025940823141819e18,5.5843786923798e18],"times":[5525567.0,8096094.0,6021954.0,5496763.0,5468756.0,5438119.0,5432748.0,6022288.0,8087778.0,5466310.0]}