{"sampling_mode":"Linear","iters":[5.5507187249047386e17,1.1101437449809477e18,1.6652156174714214e18,2.2202874899618954e18,2.7753593624523694e18,3.330431234942843e18,3.885503107433317e18,4.440574979923791e18,4.995646852414264e18,5.550718724904739e18],"times":[35116505.0,31491538.0,26064709.0,22897522.0,22950231.0,22876793.0,27124769.0,23730450.0,35518783.0,33730228.0]}