{"sampling_mode":"Linear","iters":[1.7396388787680728e16,3.4792777575361456e16,5.2189166363042184e16,6.958555515072291e16,8.698194393840365e16,1.0437833272608437e17,1.2177472151376509e17,1.3917111030144582e17,1.5656749908912656e17,1.739638878768073e17],"times":[18300345.0,19430496.0,18302094.0,24142502.0,18340271.0,26008347.0,18465748.0,18217294.0,18286693.0,18354057.0]}