{"sampling_mode":"Linear","iters":[5.5631333983697606e17,1.1126266796739521e18,1.6689400195109281e18,2.2252533593479043e18,2.78156669918488e18,3.3378800390218563e18,3.8941933788588324e18,4.4505067186958085e18,5.006820058532784e18,5.56313339836976e18],"times":[28485709.0,24299307.0,24310185.0,24471781.0,24215323.0,24210232.0,24293636.0,24185942.0,24491182.0,24205437.0]}