{"mean":{"confidence_interval":{"confidence_level":0.95,"lower_bound":8.061013831903226e-12,"upper_bound":2.29828889332004e-11},"point_estimate":1.4028610957765032e-11,"standard_error":4.028104971702317e-12},"median":{"confidence_interval":{"confidence_level":0.95,"lower_bound":7.052509433009844e-12,"upper_bound":1.5669157262147667e-11},"point_estimate":9.46636073895956e-12,"standard_error":2.1812206187245234e-12},"median_abs_dev":{"confidence_interval":{"confidence_level":0.95,"lower_bound":6.999291471304381e-13,"upper_bound":1.0920785586925668e-11},"point_estimate":4.659457881996435e-12,"standard_error":2.771908109744762e-12},"slope":{"confidence_interval":{"confidence_level":0.95,"lower_bound":5.7909523346564885e-12,"upper_bound":1.0115826548498187e-11},"point_estimate":7.261331779631365e-12,"standard_error":1.0999700246039839e-12},"std_dev":{"confidence_interval":{"confidence_level":0.95,"lower_bound":2.4287923719982294e-12,"upper_bound":2.015848186595453e-11},"point_estimate":1.3405091920158556e-11,"standard_error":5.614953996010052e-12}}