{"sampling_mode":"Linear","iters":[5.583578756633949e17,1.1167157513267898e18,1.6750736269901847e18,2.2334315026535795e18,2.7917893783169746e18,3.3501472539803694e18,3.908505129643764e18,4.466863005307159e18,5.025220880970554e18,5.583578756633949e18],"times":[16386555.0,15416026.0,10771530.0,10833800.0,14268520.0,14064144.0,13865482.0,9266335.0,11165479.0,14453007.0]}