{"sampling_mode":"Linear","iters":[5.553086441935212e17,1.1106172883870424e18,1.6659259325805637e18,2.2212345767740849e18,2.7765432209676063e18,3.3318518651611274e18,3.8871605093546486e18,4.4424691535481697e18,4.997777797741691e18,5.553086441935213e18],"times":[27422145.0,22396701.0,22480447.0,21608011.0,33033633.0,21293951.0,56426240.0,37813685.0,36526567.0,22113887.0]}