{"mean":{"confidence_interval":{"confidence_level":0.95,"lower_bound":17007196.14964286,"upper_bound":49494069.875},"point_estimate":30728906.24047619,"standard_error":8530961.190305592},"median":{"confidence_interval":{"confidence_level":0.95,"lower_bound":12716923.875,"upper_bound":38492363.75},"point_estimate":19234578.15833333,"standard_error":7093281.751619369},"median_abs_dev":{"confidence_interval":{"confidence_level":0.95,"lower_bound":2150786.2902934127,"upper_bound":31622537.350080237},"point_estimate":10591231.53575055,"standard_error":8017851.377177269},"slope":{"confidence_interval":{"confidence_level":0.95,"lower_bound":12663373.525825327,"upper_bound":20915253.473428547},"point_estimate":15081394.207142858,"standard_error":2154308.8058425677},"std_dev":{"confidence_interval":{"confidence_level":0.95,"lower_bound":6140767.549485766,"upper_bound":41410830.036919974},"point_estimate":28503545.62592297,"standard_error":10171363.776241105}}