{"sampling_mode":"Linear","iters":[5.585244746389355e17,1.117048949277871e18,1.6755734239168064e18,2.234097898555742e18,2.792622373194677e18,3.351146847833613e18,3.9096713224725484e18,4.468195797111484e18,5.026720271750419e18,5.585244746389354e18],"times":[3125778.0,2104890.0,2657421.0,2862558.0,3533040.0,2084675.0,2086246.0,2253948.0,2025345.0,2074928.0]}