{"sampling_mode":"Linear","iters":[5.58547268295092e17,1.117094536590184e18,1.675641804885276e18,2.234189073180368e18,2.79273634147546e18,3.351283609770552e18,3.9098308780656435e18,4.468378146360736e18,5.026925414655828e18,5.58547268295092e18],"times":[1716323.0,2488092.0,1704601.0,2815236.0,2946460.0,2491313.0,2386659.0,2163082.0,1857757.0,2571981.0]}