{"sampling_mode":"Linear","iters":[5.5864655919485446e17,1.1172931183897089e18,1.6759396775845635e18,2.2345862367794179e18,2.7932327959742725e18,3.351879355169127e18,3.9105259143639813e18,4.4691724735588357e18,5.027819032753691e18,5.586465591948545e18],"times":[6965030.0,7911592.0,4283692.0,4291399.0,4262504.0,4552672.0,4351176.0,4262304.0,4257773.0,4277735.0]}