{"sampling_mode":"Linear","iters":[5.586039508587653e17,1.1172079017175306e18,1.675811852576296e18,2.2344158034350612e18,2.7930197542938266e18,3.351623705152592e18,3.910227656011357e18,4.4688316068701225e18,5.027435557728888e18,5.586039508587653e18],"times":[2306096.0,3695856.0,2178517.0,2151528.0,2140572.0,2199264.0,2145545.0,2216329.0,2171098.0,2144560.0]}