{"sampling_mode":"Linear","iters":[5.5864566814774e17,1.11729133629548e18,1.67593700444322e18,2.23458267259096e18,2.7932283407387003e18,3.35187400888644e18,3.91051967703418e18,4.46916534518192e18,5.02781101332966e18,5.586456681477401e18],"times":[2145491.0,1940311.0,2127816.0,2135259.0,2147761.0,2125322.0,2128351.0,2195386.0,2127474.0,2139593.0]}