{"sampling_mode":"Linear","iters":[1.745583501772184e16,3.491167003544368e16,5.236750505316552e16,6.982334007088736e16,8.72791750886092e16,1.0473501010633104e17,1.2219084512405288e17,1.3964668014177472e17,1.5710251515949658e17,1.745583501772184e17],"times":[53338553.0,38182705.0,43344133.0,50769709.0,43062276.0,47949051.0,53146898.0,42728352.0,52156155.0,58684188.0]}