{"sampling_mode":"Linear","iters":[5.5887766355928224e17,1.1177553271185645e18,1.6766329906778468e18,2.235510654237129e18,2.7943883177964114e18,3.3532659813556936e18,3.912143644914976e18,4.471021308474258e18,5.02989897203354e18,5.588776635592823e18],"times":[4167980.0,4105447.0,5611944.0,4337547.0,4157719.0,4199210.0,4090711.0,4096444.0,4083045.0,4141534.0]}