{"sampling_mode":"Linear","iters":[5.5878115725277677e17,1.1175623145055535e18,1.6763434717583304e18,2.235124629011107e18,2.793905786263884e18,3.3526869435166607e18,3.911468100769437e18,4.470249258022214e18,5.029030415274991e18,5.587811572527768e18],"times":[18888836.0,17591284.0,17578091.0,20758671.0,17398028.0,17441594.0,17435953.0,17725484.0,17460678.0,41433065.0]}