{"mean":{"confidence_interval":{"confidence_level":0.95,"lower_bound":18599106.902315482,"upper_bound":54909009.88261904},"point_estimate":34361797.61071429,"standard_error":9460349.40558961},"median":{"confidence_interval":{"confidence_level":0.95,"lower_bound":14406162.05357143,"upper_bound":49096152.5},"point_estimate":22746607.4,"standard_error":7896449.236251647},"median_abs_dev":{"confidence_interval":{"confidence_level":0.95,"lower_bound":1526222.2214791386,"upper_bound":36286781.42970085},"point_estimate":13118571.89085379,"standard_error":9046888.02863927},"slope":{"confidence_interval":{"confidence_level":0.95,"lower_bound":14723915.878447607,"upper_bound":23121521.933016308},"point_estimate":17149506.381818183,"standard_error":2206232.627171656},"std_dev":{"confidence_interval":{"confidence_level":0.95,"lower_bound":5938734.401761379,"upper_bound":43606351.71152422},"point_estimate":31455555.784272064,"standard_error":10233133.152982732}}