{"sampling_mode":"Linear","iters":[5.58988444281762e17,1.117976888563524e18,1.676965332845286e18,2.235953777127048e18,2.79494222140881e18,3.353930665690572e18,3.912919109972334e18,4.471907554254096e18,5.030895998535858e18,5.58988444281762e18],"times":[1243849.0,2141549.0,2192299.0,3796956.0,2965362.0,2328858.0,2514642.0,2445185.0,2494778.0,1673844.0]}