{"sampling_mode":"Linear","iters":[5.56323210989362e17,1.112646421978724e18,1.668969632968086e18,2.225292843957448e18,2.78161605494681e18,3.337939265936172e18,3.8942624769255337e18,4.450585687914896e18,5.006908898904258e18,5.56323210989362e18],"times":[3046268.0,3027687.0,3009353.0,3049095.0,2993499.0,2999531.0,2997812.0,2992914.0,2994692.0,2993602.0]}