{"mean":{"confidence_interval":{"confidence_level":0.95,"lower_bound":61.44685567945823,"upper_bound":174.67398844786712},"point_estimate":109.03409842714106,"standard_error":29.762736796951135},"median":{"confidence_interval":{"confidence_level":0.95,"lower_bound":44.77005342074409,"upper_bound":137.27158021918743},"point_estimate":81.27145705698763,"standard_error":24.184673020876282},"median_abs_dev":{"confidence_interval":{"confidence_level":0.95,"lower_bound":8.420587889872552,"upper_bound":106.20958290922438},"point_estimate":56.041050890692624,"standard_error":27.112156365169263},"slope":{"confidence_interval":{"confidence_level":0.95,"lower_bound":43.976039836930056,"upper_bound":79.10163127150699},"point_estimate":54.58872544467604,"standard_error":9.132551476606162},"std_dev":{"confidence_interval":{"confidence_level":0.95,"lower_bound":24.753862006424274,"upper_bound":144.48323803477385},"point_estimate":98.99286209662914,"standard_error":35.76021617989377}}