{"sampling_mode":"Linear","iters":[5.586867482259232e17,1.1173734964518464e18,1.6760602446777697e18,2.2347469929036928e18,2.793433741129616e18,3.3521204893555395e18,3.9108072375814625e18,4.4694939858073856e18,5.028180734033309e18,5.586867482259232e18],"times":[5386635.0,4374338.0,3563567.0,5376141.0,3183285.0,4502044.0,6008165.0,3526057.0,3057609.0,3128096.0]}