{"sampling_mode":"Linear","iters":[5.588937450379418e17,1.1177874900758836e18,1.6766812351138255e18,2.2355749801517673e18,2.7944687251897093e18,3.353362470227651e18,3.912256215265593e18,4.4711499603035346e18,5.030043705341477e18,5.588937450379419e18],"times":[1099559.0,1091671.0,1089355.0,3359129.0,1088763.0,1141006.0,1105207.0,1093838.0,1087830.0,1087683.0]}