{"sampling_mode":"Linear","iters":[5.570654433058105e17,1.114130886611621e18,1.6711963299174316e18,2.228261773223242e18,2.7853272165290527e18,3.342392659834863e18,3.8994581031406735e18,4.456523546446484e18,5.013588989752294e18,5.570654433058105e18],"times":[14498592.0,13129885.0,12934025.0,12848196.0,12878098.0,12845126.0,12862940.0,12835148.0,12884768.0,12852650.0]}