{"sampling_mode":"Linear","iters":[5.5872959667657306e17,1.1174591933531461e18,1.676188790029719e18,2.2349183867062922e18,2.7936479833828654e18,3.352377580059438e18,3.9111071767360113e18,4.4698367734125844e18,5.028566370089158e18,5.587295966765731e18],"times":[9602336.0,8811766.0,10885709.0,9749324.0,8679962.0,8576359.0,8634883.0,13806829.0,14431457.0,13503940.0]}