{"sampling_mode":"Linear","iters":[5.542221427961395e17,1.108444285592279e18,1.6626664283884186e18,2.216888571184558e18,2.7711107139806976e18,3.325332856776837e18,3.8795549995729766e18,4.433777142369116e18,4.987999285165256e18,5.542221427961395e18],"times":[31276272.0,29824445.0,33708385.0,35186011.0,34608210.0,31077980.0,31226019.0,30391245.0,30097898.0,30916597.0]}