{"sampling_mode":"Linear","iters":[5.588676968932494e17,1.1177353937864988e18,1.676603090679748e18,2.2354707875729976e18,2.794338484466247e18,3.353206181359496e18,3.9120738782527457e18,4.4709415751459953e18,5.029809272039245e18,5.588676968932494e18],"times":[2642329.0,2303867.0,2917241.0,3551221.0,1876889.0,1446993.0,1555646.0,1456583.0,1504143.0,1488347.0]}