{"sampling_mode":"Linear","iters":[5.580862576587634e17,1.1161725153175268e18,1.6742587729762903e18,2.2323450306350536e18,2.790431288293817e18,3.3485175459525806e18,3.906603803611344e18,4.464690061270107e18,5.02277631892887e18,5.580862576587634e18],"times":[7995370.0,7498552.0,3371553.0,3355895.0,3380522.0,3505234.0,3357185.0,3439655.0,3358093.0,3353191.0]}