{"sampling_mode":"Linear","iters":[5.586316360193398e17,1.1172632720386796e18,1.6758949080580193e18,2.234526544077359e18,2.793158180096699e18,3.3517898161160387e18,3.9104214521353784e18,4.469053088154718e18,5.027684724174057e18,5.586316360193398e18],"times":[5655732.0,8049505.0,4174601.0,4189437.0,4551338.0,5340399.0,4229247.0,5350413.0,5490520.0,4199444.0]}