{"sampling_mode":"Linear","iters":[5.5895278315032755e17,1.1179055663006551e18,1.6768583494509827e18,2.2358111326013102e18,2.794763915751638e18,3.3537166989019653e18,3.9126694820522926e18,4.4716222652026204e18,5.030575048352948e18,5.589527831503276e18],"times":[2602124.0,2616899.0,2160375.0,1935812.0,1420832.0,2655412.0,1064175.0,2556213.0,1641758.0,2165012.0]}