{"sampling_mode":"Linear","iters":[5.5408382860376006e17,1.1081676572075201e18,1.6622514858112801e18,2.2163353144150403e18,2.7704191430188e18,3.3245029716225603e18,3.8785868002263204e18,4.4326706288300805e18,4.986754457433841e18,5.5408382860376e18],"times":[31153637.0,25391537.0,25055287.0,25195687.0,25118488.0,26190740.0,26031557.0,26228398.0,25569738.0,25930383.0]}