{"sampling_mode":"Linear","iters":[5.5878548248111386e17,1.1175709649622277e18,1.6763564474433416e18,2.2351419299244554e18,2.7939274124055695e18,3.352712894886683e18,3.9114983773677967e18,4.470283859848911e18,5.029069342330025e18,5.587854824811139e18],"times":[23233445.0,14505417.0,14022855.0,21242021.0,12616469.0,12755200.0,12638013.0,12625360.0,12646761.0,12648851.0]}