{"sampling_mode":"Linear","iters":[5.55540691084344e17,1.111081382168688e18,1.666622073253032e18,2.222162764337376e18,2.77770345542172e18,3.333244146506064e18,3.888784837590408e18,4.444325528674752e18,4.999866219759096e18,5.55540691084344e18],"times":[20673530.0,17630334.0,18204843.0,17773822.0,17957897.0,18150720.0,17511255.0,18009856.0,17679378.0,17778258.0]}