{"sampling_mode":"Linear","iters":[5.585274078024362e17,1.1170548156048724e18,1.6755822234073088e18,2.234109631209745e18,2.792637039012181e18,3.3511644468146176e18,3.9096918546170537e18,4.46821926241949e18,5.026746670221926e18,5.585274078024362e18],"times":[4936053.0,8933314.0,10752574.0,9251555.0,4988808.0,5039201.0,10995879.0,9968331.0,11577690.0,6151889.0]}