{"sampling_mode":"Linear","iters":[5.562209058842953e17,1.1124418117685906e18,1.668662717652886e18,2.2248836235371812e18,2.7811045294214764e18,3.337325435305772e18,3.893546341190067e18,4.4497672470743624e18,5.005988152958658e18,5.562209058842953e18],"times":[33633570.0,41370263.0,41726278.0,41006392.0,36448796.0,36580630.0,38628638.0,41363093.0,27844798.0,38236011.0]}