{"sampling_mode":"Linear","iters":[5.589001770317028e17,1.1178003540634056e18,1.6767005310951084e18,2.2356007081268111e18,2.7945008851585137e18,3.3534010621902167e18,3.91230123922192e18,4.4712014162536223e18,5.030101593285325e18,5.589001770317027e18],"times":[569283.0,567410.0,648931.0,1344092.0,1324211.0,1330714.0,565370.0,566714.0,1398940.0,591454.0]}