{"sampling_mode":"Linear","iters":[5.568703701162471e17,1.1137407402324942e18,1.6706111103487414e18,2.2274814804649884e18,2.7843518505812357e18,3.341222220697483e18,3.89809259081373e18,4.454962960929977e18,5.011833331046224e18,5.568703701162471e18],"times":[42617284.0,42659809.0,38797469.0,38880970.0,41649582.0,46469154.0,56274215.0,53800899.0,42521023.0,42306673.0]}