{"sampling_mode":"Linear","iters":[5.558629769714725e17,1.111725953942945e18,1.6675889309144177e18,2.22345190788589e18,2.7793148848573624e18,3.3351778618288353e18,3.8910408388003077e18,4.44690381577178e18,5.002766792743253e18,5.558629769714725e18],"times":[41613210.0,43878518.0,43612868.0,31971135.0,24726024.0,24724078.0,39706272.0,27597604.0,29665478.0,28072185.0]}