{"sampling_mode":"Linear","iters":[5.588793331484305e17,1.117758666296861e18,1.6766379994452915e18,2.235517332593722e18,2.7943966657421527e18,3.353275998890583e18,3.912155332039014e18,4.471034665187444e18,5.029913998335875e18,5.588793331484305e18],"times":[3793051.0,6276019.0,7818664.0,9122023.0,3740112.0,3773315.0,3781589.0,3746765.0,3742628.0,3888149.0]}