{"sampling_mode":"Linear","iters":[5.5860028414848294e17,1.1172005682969659e18,1.6758008524454487e18,2.2344011365939318e18,2.793001420742415e18,3.3516017048908974e18,3.9102019890393805e18,4.4688022731878636e18,5.027402557336347e18,5.58600284148483e18],"times":[2574656.0,2557741.0,2558044.0,4360741.0,3416061.0,2577977.0,2564830.0,2574878.0,2557465.0,2563116.0]}