{"sampling_mode":"Linear","iters":[5.589664843147913e17,1.1179329686295826e18,1.6768994529443738e18,2.2358659372591652e18,2.7948324215739566e18,3.3537989058887475e18,3.912765390203539e18,4.4717318745183304e18,5.030698358833121e18,5.589664843147913e18],"times":[1643761.0,1648077.0,1639192.0,1650022.0,1635240.0,3018658.0,2402333.0,1908371.0,1646787.0,1650670.0]}