{"sampling_mode":"Linear","iters":[2146660586358093.0,4293321172716186.0,6439981759074279.0,8586642345432372.0,1.0733302931790464e16,1.2879963518148558e16,1.5026624104506652e16,1.7173284690864744e16,1.9319945277222836e16,2.146660586358093e16],"times":[28392781.0,24149079.0,24207548.0,24140718.0,24282529.0,24181901.0,24149802.0,24101731.0,24103957.0,28593853.0]}