{"sampling_mode":"Linear","iters":[5.547458440348554e17,1.1094916880697108e18,1.6642375321045663e18,2.2189833761394217e18,2.773729220174277e18,3.3284750642091325e18,3.883220908243988e18,4.4379667522788434e18,4.992712596313698e18,5.547458440348554e18],"times":[23738022.0,21207095.0,20851364.0,21705708.0,21568533.0,17368432.0,23789842.0,22794036.0,21345424.0,21837382.0]}