{"mean":{"confidence_interval":{"confidence_level":0.95,"lower_bound":2.077096234961813e-12,"upper_bound":9.885115102521982e-12},"point_estimate":5.233612525647914e-12,"standard_error":2.0864452955128796e-12},"median":{"confidence_interval":{"confidence_level":0.95,"lower_bound":1.4535421548974429e-12,"upper_bound":6.4837145126749194e-12},"point_estimate":2.2629855563780877e-12,"standard_error":1.251969925698686e-12},"median_abs_dev":{"confidence_interval":{"confidence_level":0.95,"lower_bound":9.628434863812474e-14,"upper_bound":5.995235201520134e-12},"point_estimate":1.3259941824937875e-12,"standard_error":1.5343340242397282e-12},"slope":{"confidence_interval":{"confidence_level":0.95,"lower_bound":1.6439179318355501e-12,"upper_bound":2.7690160113947873e-12},"point_estimate":2.0901641214728397e-12,"standard_error":2.9138511127103937e-13},"std_dev":{"confidence_interval":{"confidence_level":0.95,"lower_bound":8.204413413832308e-13,"upper_bound":1.0345266948310503e-11},"point_estimate":6.966797866913516e-12,"standard_error":2.8331540893250014e-12}}