{"sampling_mode":"Linear","iters":[5.581533537489122e17,1.1163067074978244e18,1.6744600612467366e18,2.2326134149956488e18,2.790766768744561e18,3.3489201224934733e18,3.9070734762423854e18,4.4652268299912975e18,5.02338018374021e18,5.581533537489122e18],"times":[13195347.0,10900072.0,8541449.0,7151112.0,6433852.0,4736315.0,5679096.0,4721022.0,11154740.0,12142742.0]}