{"sampling_mode":"Linear","iters":[5.5604161446439e17,1.11208322892878e18,1.66812484339317e18,2.22416645785756e18,2.78020807232195e18,3.33624968678634e18,3.89229130125073e18,4.44833291571512e18,5.00437453017951e18,5.5604161446439e18],"times":[18950112.0,23306611.0,21582960.0,17440228.0,19468456.0,19263553.0,19568455.0,19277711.0,19546817.0,19452537.0]}