{"sampling_mode":"Linear","iters":[5.5782885001023334e17,1.1156577000204667e18,1.6734865500307e18,2.2313154000409334e18,2.7891442500511667e18,3.3469731000614e18,3.9048019500716334e18,4.462630800081867e18,5.0204596500921e18,5.578288500102333e18],"times":[14252271.0,11158692.0,10952037.0,10976015.0,10373093.0,9909877.0,9908094.0,9879517.0,13568878.0,13604433.0]}