{"sampling_mode":"Linear","iters":[5.5829722193507085e17,1.1165944438701417e18,1.6748916658052127e18,2.2331888877402834e18,2.791486109675354e18,3.3497833316104253e18,3.908080553545496e18,4.466377775480567e18,5.024674997415638e18,5.582972219350708e18],"times":[12706314.0,9301280.0,9237999.0,8613674.0,9242318.0,9293863.0,9366069.0,9179563.0,11115883.0,9094418.0]}