{"mean":{"confidence_interval":{"confidence_level":0.95,"lower_bound":1.651336319653367,"upper_bound":4.728725747854997},"point_estimate":2.9465984501397773,"standard_error":0.8095229267833384},"median":{"confidence_interval":{"confidence_level":0.95,"lower_bound":1.3144349979011931,"upper_bound":3.8732843626533846},"point_estimate":1.7824357147398762,"standard_error":0.6413932898467894},"median_abs_dev":{"confidence_interval":{"confidence_level":0.95,"lower_bound":0.13891038587580193,"upper_bound":2.8896090006467503},"point_estimate":1.1068945794529728,"standard_error":0.7448324056617461},"slope":{"confidence_interval":{"confidence_level":0.95,"lower_bound":1.2298750897419601,"upper_bound":2.0358977067120057},"point_estimate":1.4802307506220325,"standard_error":0.2076085650028775},"std_dev":{"confidence_interval":{"confidence_level":0.95,"lower_bound":0.6222513274669359,"upper_bound":3.947543023285395},"point_estimate":2.706184272435697,"standard_error":0.9849353452470229}}