{"sampling_mode":"Linear","iters":[5.5469913865575763e17,1.1093982773115153e18,1.664097415967273e18,2.2187965546230305e18,2.773495693278788e18,3.328194831934546e18,3.882893970590303e18,4.437593109246061e18,4.992292247901819e18,5.546991386557576e18],"times":[9207163.0,9114157.0,9115244.0,8991879.0,9011535.0,10090586.0,9433635.0,10973319.0,9294690.0,19850774.0]}