{"sampling_mode":"Linear","iters":[5.584234444028773e17,1.1168468888057546e18,1.6752703332086318e18,2.2336937776115092e18,2.7921172220143867e18,3.3505406664172636e18,3.908964110820141e18,4.4673875552230185e18,5.025810999625896e18,5.584234444028773e18],"times":[3980495.0,3279299.0,8671503.0,4712049.0,6487038.0,6021343.0,6707335.0,5987243.0,7594059.0,3551205.0]}