{"sampling_mode":"Linear","iters":[5.566694221810022e17,1.1133388443620044e18,1.6700082665430065e18,2.2266776887240087e18,2.7833471109050107e18,3.340016533086013e18,3.896685955267015e18,4.4533553774480174e18,5.010024799629019e18,5.566694221810021e18],"times":[46418890.0,66988626.0,55607291.0,41889450.0,38170323.0,38162736.0,38331761.0,38116649.0,38192302.0,41301287.0]}