{"sampling_mode":"Linear","iters":[5.565167509275123e17,1.1130335018550246e18,1.669550252782537e18,2.2260670037100493e18,2.782583754637562e18,3.339100505565074e18,3.895617256492586e18,4.4521340074200986e18,5.008650758347611e18,5.565167509275124e18],"times":[4349012.0,3582891.0,4169332.0,3585335.0,3569229.0,3572725.0,3564227.0,3565241.0,3565522.0,3565315.0]}