{"mean":{"confidence_interval":{"confidence_level":0.95,"lower_bound":5.170677159811609e-12,"upper_bound":1.9088895759418546e-11},"point_estimate":1.1320532901551613e-11,"standard_error":3.603556447030761e-12},"median":{"confidence_interval":{"confidence_level":0.95,"lower_bound":3.0659706343691485e-12,"upper_bound":1.6249239053262394e-11},"point_estimate":6.600978175744836e-12,"standard_error":3.571857519080397e-12},"median_abs_dev":{"confidence_interval":{"confidence_level":0.95,"lower_bound":4.0078568141824803e-13,"upper_bound":1.6277736118084245e-11},"point_estimate":5.2610098656967065e-12,"standard_error":4.137941925478815e-12},"slope":{"confidence_interval":{"confidence_level":0.95,"lower_bound":3.2713398790219917e-12,"upper_bound":7.0141995772141e-12},"point_estimate":4.327664021042818e-12,"standard_error":9.828191203352403e-13},"std_dev":{"confidence_interval":{"confidence_level":0.95,"lower_bound":2.539565152219014e-12,"upper_bound":1.6700262185068983e-11},"point_estimate":1.208079627399996e-11,"standard_error":3.6582661320376536e-12}}