{"sampling_mode":"Linear","iters":[5.5519383679623686e17,1.1103876735924737e18,1.6655815103887107e18,2.2207753471849475e18,2.7759691839811845e18,3.3311630207774213e18,3.886356857573658e18,4.441550694369895e18,4.996744531166132e18,5.551938367962369e18],"times":[21997738.0,26694677.0,26404525.0,18782465.0,19450914.0,20636772.0,13806838.0,13497786.0,15319872.0,13172184.0]}