{"sampling_mode":"Linear","iters":[5.588324053642308e17,1.1176648107284616e18,1.6764972160926925e18,2.2353296214569231e18,2.794162026821154e18,3.352994432185385e18,3.9118268375496156e18,4.4706592429138463e18,5.029491648278077e18,5.588324053642308e18],"times":[54130154.0,41979477.0,34007487.0,35831686.0,35222336.0,34002950.0,33998055.0,35285683.0,50672721.0,36597000.0]}