{"sampling_mode":"Linear","iters":[5.550922933211261e17,1.1101845866422522e18,1.6652768799633782e18,2.2203691732845043e18,2.7754614666056305e18,3.3305537599267564e18,3.885646053247883e18,4.4407383465690086e18,4.995830639890135e18,5.550922933211261e18],"times":[42229063.0,33391019.0,33569412.0,39004366.0,44284446.0,33028283.0,33037691.0,33015807.0,32980658.0,46803715.0]}