{"sampling_mode":"Linear","iters":[5.589635443020407e17,1.1179270886040814e18,1.6768906329061222e18,2.2358541772081628e18,2.7948177215102034e18,3.3537812658122445e18,3.912744810114285e18,4.4717083544163256e18,5.030671898718367e18,5.589635443020407e18],"times":[12273055.0,8087820.0,7978829.0,7695330.0,7035077.0,6676076.0,8104686.0,9752180.0,6913778.0,6572453.0]}