{"sampling_mode":"Linear","iters":[2.7629517976811638e17,5.5259035953623277e17,8.288855393043492e17,1.1051807190724655e18,1.381475898840582e18,1.6577710786086984e18,1.9340662583768146e18,2.210361438144931e18,2.4866566179130476e18,2.762951797681164e18],"times":[45965168.0,43845790.0,44274397.0,45059030.0,44416569.0,52289621.0,73494514.0,59157622.0,44527208.0,44665502.0]}