{"sampling_mode":"Linear","iters":[5.588707817313566e17,1.1177415634627132e18,1.6766123451940698e18,2.2354831269254264e18,2.794353908656783e18,3.3532246903881395e18,3.912095472119496e18,4.470966253850853e18,5.029837035582209e18,5.588707817313566e18],"times":[272164.0,271706.0,271450.0,271560.0,271671.0,281019.0,271704.0,271490.0,271296.0,271706.0]}