{"sampling_mode":"Linear","iters":[5.5832064168851245e17,1.1166412833770249e18,1.6749619250655373e18,2.2332825667540498e18,2.791603208442562e18,3.3499238501310746e18,3.908244491819587e18,4.4665651335080996e18,5.024885775196612e18,5.583206416885124e18],"times":[2717879.0,2825348.0,2721336.0,2719427.0,2716426.0,2716297.0,2719282.0,2717662.0,2756224.0,2715964.0]}