{"sampling_mode":"Linear","iters":[5.5812606258940774e17,1.1162521251788155e18,1.6743781877682232e18,2.232504250357631e18,2.7906303129470387e18,3.3487563755364465e18,3.906882438125854e18,4.465008500715262e18,5.023134563304669e18,5.581260625894077e18],"times":[14725759.0,12412806.0,8012665.0,13052334.0,7872025.0,9718241.0,13501124.0,9296250.0,9365052.0,10982203.0]}