{"sampling_mode":"Linear","iters":[5.580018250844504e17,1.1160036501689009e18,1.6740054752533514e18,2.2320073003378017e18,2.790009125422252e18,3.348010950506703e18,3.906012775591153e18,4.4640146006756035e18,5.022016425760054e18,5.580018250844504e18],"times":[6453078.0,6392116.0,6671252.0,6450363.0,6428832.0,6448367.0,6421858.0,6447666.0,6609946.0,6485788.0]}