{"sampling_mode":"Linear","iters":[5.584734922204633e17,1.1169469844409266e18,1.6754204766613898e18,2.2338939688818532e18,2.7923674611023165e18,3.3508409533227796e18,3.9093144455432433e18,4.4677879377637064e18,5.02626142998417e18,5.584734922204633e18],"times":[7495774.0,8255106.0,7484647.0,7282369.0,7279407.0,10311849.0,7291311.0,11557931.0,12427769.0,12426594.0]}