{"sampling_mode":"Linear","iters":[5.5888089769885485e17,1.1177617953977097e18,1.6766426930965645e18,2.2355235907954194e18,2.794404488494274e18,3.353285386193129e18,3.912166283891984e18,4.471047181590839e18,5.029928079289693e18,5.588808976988548e18],"times":[522179.0,1268491.0,2064892.0,605520.0,533848.0,516873.0,1312271.0,885066.0,528074.0,526974.0]}