{"sampling_mode":"Linear","iters":[5.527982692217642e17,1.1055965384435284e18,1.6583948076652928e18,2.211193076887057e18,2.763991346108821e18,3.3167896153305856e18,3.8695878845523497e18,4.422386153774114e18,4.975184422995878e18,5.527982692217642e18],"times":[45294059.0,42415341.0,51079095.0,47980823.0,53568792.0,57264644.0,50908606.0,39199846.0,48022079.0,39392448.0]}