{"sampling_mode":"Linear","iters":[5.568016616405972e17,1.1136033232811944e18,1.6704049849217915e18,2.2272066465623887e18,2.784008308202986e18,3.340809969843583e18,3.8976116314841805e18,4.4544132931247775e18,5.011214954765374e18,5.568016616405972e18],"times":[25305204.0,23809697.0,23783703.0,27397624.0,23831166.0,28496953.0,34248038.0,31992758.0,30412107.0,23849079.0]}