{"sampling_mode":"Linear","iters":[5.564280703500687e17,1.1128561407001373e18,1.669284211050206e18,2.2257122814002747e18,2.782140351750343e18,3.338568422100412e18,3.8949964924504806e18,4.4514245628005494e18,5.007852633150618e18,5.564280703500686e18],"times":[6503219.0,6359542.0,6423356.0,6724895.0,6508206.0,6354541.0,6458381.0,6365481.0,6419255.0,6351959.0]}