{"sampling_mode":"Linear","iters":[5.578305094421101e17,1.1156610188842202e18,1.6734915283263304e18,2.2313220377684403e18,2.7891525472105503e18,3.3469830566526607e18,3.9048135660947707e18,4.4626440755368806e18,5.020474584978991e18,5.578305094421101e18],"times":[37238070.0,36177350.0,36098178.0,36149094.0,36158956.0,36163441.0,36113060.0,38484932.0,36680534.0,52616561.0]}