{"sampling_mode":"Linear","iters":[5.574775411990837e17,1.1149550823981674e18,1.672432623597251e18,2.2299101647963348e18,2.7873877059954186e18,3.344865247194502e18,3.902342788393586e18,4.4598203295926697e18,5.017297870791754e18,5.574775411990837e18],"times":[9942349.0,10106838.0,10837870.0,10598623.0,10531549.0,10426565.0,10472771.0,7520459.0,7837124.0,10834227.0]}