{"mean":{"confidence_interval":{"confidence_level":0.95,"lower_bound":120956.8054707113,"upper_bound":374328.72334379354},"point_estimate":225493.27545277943,"standard_error":67476.76339593105},"median":{"confidence_interval":{"confidence_level":0.95,"lower_bound":94840.66427575215,"upper_bound":282642.8668061367},"point_estimate":130531.61841004185,"standard_error":50631.68820878991},"median_abs_dev":{"confidence_interval":{"confidence_level":0.95,"lower_bound":11495.561418841864,"upper_bound":208092.13688637922},"point_estimate":90855.88494506093,"standard_error":56194.05678063225},"slope":{"confidence_interval":{"confidence_level":0.95,"lower_bound":85030.37458153594,"upper_bound":155205.87006996365},"point_estimate":107636.80627071673,"standard_error":18115.040270000558},"std_dev":{"confidence_interval":{"confidence_level":0.95,"lower_bound":51782.6395951382,"upper_bound":332917.93368400104},"point_estimate":224166.86512649103,"standard_error":87349.60839118966}}