{"sampling_mode":"Linear","iters":[5.557846511846376e17,1.1115693023692751e18,1.6673539535539128e18,2.2231386047385503e18,2.7789232559231877e18,3.3347079071078257e18,3.890492558292463e18,4.4462772094771005e18,5.002061860661738e18,5.557846511846375e18],"times":[24600917.0,22221955.0,22177271.0,22223179.0,22481906.0,24231146.0,24891130.0,26474101.0,22208419.0,22255193.0]}