{"sampling_mode":"Linear","iters":[5.5542829015638726e17,1.1108565803127745e18,1.6662848704691617e18,2.221713160625549e18,2.777141450781936e18,3.3325697409383235e18,3.887998031094711e18,4.443426321251098e18,4.998854611407485e18,5.554282901563872e18],"times":[29647044.0,29022459.0,20636394.0,19252973.0,19625211.0,19320672.0,28397923.0,30980415.0,31845767.0,25254255.0]}