{"sampling_mode":"Linear","iters":[5.586686928017664e17,1.1173373856035328e18,1.6760060784052992e18,2.2346747712070656e18,2.793343464008832e18,3.3520121568105984e18,3.910680849612365e18,4.469349542414131e18,5.028018235215898e18,5.586686928017664e18],"times":[2732880.0,2695767.0,2686502.0,3394963.0,2704326.0,2691006.0,2813494.0,2703448.0,2687130.0,2689943.0]}