{"sampling_mode":"Linear","iters":[1.7465657162981004e16,3.493131432596201e16,5.239697148894301e16,6.986262865192402e16,8.732828581490502e16,1.0479394297788602e17,1.2225960014086702e17,1.3972525730384803e17,1.5719091446682902e17,1.7465657162981005e17],"times":[38181158.0,51198801.0,39954828.0,24056322.0,24107357.0,32744854.0,32807913.0,23995756.0,24165751.0,24068636.0]}