{"sampling_mode":"Linear","iters":[5.587127556788651e17,1.1174255113577302e18,1.6761382670365952e18,2.2348510227154604e18,2.7935637783943255e18,3.3522765340731904e18,3.910989289752056e18,4.4697020454309207e18,5.028414801109786e18,5.587127556788651e18],"times":[12484849.0,6312180.0,6234650.0,5988821.0,5963597.0,5951857.0,5953226.0,5965918.0,5972632.0,5963594.0]}