{"sampling_mode":"Linear","iters":[5.5761922794068755e17,1.1152384558813751e18,1.6728576838220626e18,2.2304769117627502e18,2.788096139703438e18,3.345715367644125e18,3.903334595584813e18,4.4609538235255004e18,5.018573051466188e18,5.576192279406876e18],"times":[27891545.0,22237630.0,23196930.0,25424127.0,27216091.0,30684188.0,35098884.0,33797544.0,25659931.0,24803581.0]}