{"sampling_mode":"Linear","iters":[5.5862154377383123e17,1.1172430875476625e18,1.6758646313214938e18,2.234486175095325e18,2.7931077188691564e18,3.3517292626429875e18,3.9103508064168187e18,4.46897235019065e18,5.027593893964482e18,5.586215437738313e18],"times":[2442439.0,2427430.0,2430142.0,5025236.0,2626144.0,2511480.0,3523318.0,3203992.0,2882529.0,6200309.0]}