{"sampling_mode":"Linear","iters":[5.589047931974768e17,1.1178095863949536e18,1.6767143795924303e18,2.2356191727899072e18,2.794523965987384e18,3.3534287591848607e18,3.9123335523823375e18,4.4712383455798144e18,5.030143138777291e18,5.589047931974768e18],"times":[4541802.0,3185962.0,5885461.0,5310030.0,4120154.0,3589540.0,3274122.0,3137638.0,3110883.0,5558158.0]}