{"sampling_mode":"Linear","iters":[5.5660611930948115e17,1.1132122386189623e18,1.6698183579284434e18,2.2264244772379246e18,2.783030596547406e18,3.339636715856887e18,3.8962428351663683e18,4.452848954475849e18,5.009455073785331e18,5.566061193094812e18],"times":[15080878.0,12879237.0,12759839.0,12778056.0,12779897.0,12749543.0,12750402.0,12755572.0,12757335.0,16815672.0]}