{"sampling_mode":"Linear","iters":[5.587734926583184e17,1.1175469853166368e18,1.6763204779749553e18,2.2350939706332736e18,2.793867463291592e18,3.3526409559499105e18,3.911414448608229e18,4.470187941266547e18,5.028961433924866e18,5.587734926583184e18],"times":[17733381.0,14931081.0,14670002.0,18028580.0,15080432.0,15058403.0,22782384.0,16893684.0,19600291.0,17715280.0]}