{"sampling_mode":"Linear","iters":[5.5710142163438496e17,1.1142028432687699e18,1.671304264903155e18,2.2284056865375398e18,2.785507108171925e18,3.34260852980631e18,3.899709951440695e18,4.4568113730750797e18,5.013912794709465e18,5.57101421634385e18],"times":[12994647.0,8897693.0,8828761.0,8706256.0,8792159.0,8731849.0,8878681.0,8753417.0,11584831.0,8803202.0]}