{"sampling_mode":"Linear","iters":[5.5859539428396544e17,1.1171907885679309e18,1.6757861828518963e18,2.2343815771358618e18,2.792976971419827e18,3.3515723657037926e18,3.910167759987758e18,4.4687631542717235e18,5.027358548555689e18,5.585953942839654e18],"times":[14770826.0,12623947.0,20720680.0,15455893.0,15152900.0,16295511.0,14552091.0,15221918.0,10351070.0,8305103.0]}