{"sampling_mode":"Linear","iters":[5.528005067631105e17,1.105601013526221e18,1.6584015202893317e18,2.211202027052442e18,2.7640025338155525e18,3.3168030405786634e18,3.869603547341774e18,4.422404054104884e18,4.975204560867995e18,5.528005067631105e18],"times":[26015625.0,26029547.0,30214070.0,25778931.0,25625387.0,25663809.0,25691388.0,25511686.0,25639689.0,25737744.0]}