{"sampling_mode":"Linear","iters":[5.580808433906048e17,1.1161616867812096e18,1.6742425301718144e18,2.2323233735624192e18,2.790404216953024e18,3.348485060343629e18,3.9065659037342336e18,4.4646467471248384e18,5.022727590515444e18,5.580808433906048e18],"times":[13397726.0,10314912.0,10597727.0,10296294.0,10357821.0,10368725.0,10318869.0,10309906.0,10353736.0,10275202.0]}