{"sampling_mode":"Linear","iters":[5.570866129102171e17,1.1141732258204342e18,1.6712598387306511e18,2.2283464516408684e18,2.7854330645510856e18,3.3425196774613023e18,3.8996062903715195e18,4.4566929032817367e18,5.013779516191954e18,5.570866129102171e18],"times":[12789994.0,8573620.0,8572384.0,8560083.0,8516217.0,8515321.0,12166015.0,8631428.0,8503858.0,8531115.0]}