{"mean":{"confidence_interval":{"confidence_level":0.95,"lower_bound":114417267.6,"upper_bound":135882022.2},"point_estimate":124842440.85,"standard_error":5467749.7546462435},"median":{"confidence_interval":{"confidence_level":0.95,"lower_bound":111326503.0,"upper_bound":135958315.0},"point_estimate":124466223.5,"standard_error":6464916.64611184},"median_abs_dev":{"confidence_interval":{"confidence_level":0.95,"lower_bound":2515164.1383469105,"upper_bound":31077324.3863672},"point_estimate":17318856.305278838,"standard_error":6793210.439165574},"slope":null,"std_dev":{"confidence_interval":{"confidence_level":0.95,"lower_bound":8887654.294624604,"upper_bound":24458976.97368414},"point_estimate":18179644.612748012,"standard_error":4054316.795926893}}