{"mean":{"confidence_interval":{"confidence_level":0.95,"lower_bound":9.705512368018311e-10,"upper_bound":2.912521044513141e-9},"point_estimate":1.754853478079967e-9,"standard_error":5.257031560514111e-10},"median":{"confidence_interval":{"confidence_level":0.95,"lower_bound":7.206224140042642e-10,"upper_bound":2.1065976418700386e-9},"point_estimate":1.1369285855739694e-9,"standard_error":3.057100038894926e-10},"median_abs_dev":{"confidence_interval":{"confidence_level":0.95,"lower_bound":6.737355720779484e-11,"upper_bound":1.3147530088162049e-9},"point_estimate":5.988044776264343e-10,"standard_error":3.5175937044824506e-10},"slope":{"confidence_interval":{"confidence_level":0.95,"lower_bound":7.555491097736477e-10,"upper_bound":1.2064941479920887e-9},"point_estimate":8.9475923793228e-10,"standard_error":1.1639580539766751e-10},"std_dev":{"confidence_interval":{"confidence_level":0.95,"lower_bound":2.897817645187809e-10,"upper_bound":2.6226764986537338e-9},"point_estimate":1.7513408491554717e-9,"standard_error":7.300570569549629e-10}}