{"sampling_mode":"Linear","iters":[8719812345699587.0,1.7439624691399174e16,2.615943703709876e16,3.4879249382798348e16,4.359906172849794e16,5.231887407419752e16,6.103868641989711e16,6.9758498765596696e16,7.847831111129629e16,8.719812345699587e16],"times":[56118332.0,46974749.0,39982047.0,53003591.0,44748993.0,62819999.0,65503256.0,49747093.0,56553230.0,55564917.0]}