{"sampling_mode":"Linear","iters":[5.5893174439536723e17,1.1178634887907345e18,1.6767952331861018e18,2.235726977581469e18,2.794658721976836e18,3.3535904663722035e18,3.9125222107675704e18,4.471453955162938e18,5.030385699558305e18,5.589317443953672e18],"times":[11172610.0,10010493.0,8161163.0,8471680.0,8684280.0,8624778.0,8186557.0,8916115.0,7035459.0,4852962.0]}