{"sampling_mode":"Linear","iters":[5.580842300817814e17,1.1161684601635628e18,1.6742526902453443e18,2.2323369203271255e18,2.790421150408907e18,3.3485053804906885e18,3.90658961057247e18,4.464673840654251e18,5.022758070736033e18,5.580842300817814e18],"times":[4865833.0,6673935.0,4708044.0,5552805.0,3588882.0,2805408.0,2846590.0,2881608.0,2873236.0,2821641.0]}