{"mean":{"confidence_interval":{"confidence_level":0.95,"lower_bound":435780160.19500005,"upper_bound":518011766.95},"point_estimate":476409183.4,"standard_error":21110651.413862035},"median":{"confidence_interval":{"confidence_level":0.95,"lower_bound":413213487.5,"upper_bound":543969408.5},"point_estimate":468172192.75,"standard_error":41212271.265012376},"median_abs_dev":{"confidence_interval":{"confidence_level":0.95,"lower_bound":5535392.266327143,"upper_bound":108755773.77014905},"point_estimate":87922575.83066225,"standard_error":28168318.452161357},"slope":null,"std_dev":{"confidence_interval":{"confidence_level":0.95,"lower_bound":46203407.36615546,"upper_bound":82485031.1981692},"point_estimate":70571275.58589534,"standard_error":9222954.38598175}}