{"sampling_mode":"Linear","iters":[5.5660866212916096e17,1.1132173242583219e18,1.669825986387483e18,2.2264346485166438e18,2.783043310645805e18,3.339651972774966e18,3.8962606349041265e18,4.4528692970332877e18,5.009477959162449e18,5.56608662129161e18],"times":[15982123.0,18217963.0,14755078.0,9038064.0,9022222.0,9002054.0,9005827.0,8985089.0,9011639.0,9020716.0]}