{"sampling_mode":"Linear","iters":[5.574883182706268e17,1.1149766365412536e18,1.6724649548118804e18,2.2299532730825073e18,2.787441591353134e18,3.344929909623761e18,3.9024182278943877e18,4.4599065461650145e18,5.017394864435641e18,5.574883182706268e18],"times":[8102280.0,8058755.0,8028278.0,8033584.0,8046386.0,10054930.0,8050829.0,8052088.0,8038482.0,8029208.0]}