{"sampling_mode":"Linear","iters":[5.58036123978233e17,1.116072247956466e18,1.674108371934699e18,2.232144495912932e18,2.790180619891165e18,3.348216743869398e18,3.9062528678476314e18,4.464288991825864e18,5.022325115804098e18,5.58036123978233e18],"times":[5012429.0,9684473.0,5588106.0,5727017.0,5547755.0,5228219.0,9788710.0,5346695.0,9472198.0,7211788.0]}