{"sampling_mode":"Linear","iters":[5.572472901524349e17,1.1144945803048698e18,1.6717418704573046e18,2.2289891606097395e18,2.7862364507621745e18,3.343483740914609e18,3.9007310310670444e18,4.457978321219479e18,5.015225611371914e18,5.572472901524349e18],"times":[18140475.0,20415722.0,17394520.0,17653978.0,17149863.0,17161718.0,19568461.0,20318024.0,17218419.0,17356905.0]}