{"sampling_mode":"Linear","iters":[5.5440370557178784e17,1.1088074111435757e18,1.6632111167153636e18,2.2176148222871514e18,2.7720185278589394e18,3.326422233430727e18,3.880825939002515e18,4.4352296445743027e18,4.989633350146091e18,5.544037055717879e18],"times":[34122259.0,34336124.0,27770058.0,27776651.0,27709295.0,27752164.0,27756723.0,27698645.0,27734692.0,27726627.0]}