{"sampling_mode":"Linear","iters":[5.58253300209386e17,1.116506600418772e18,1.674759900628158e18,2.233013200837544e18,2.79126650104693e18,3.349519801256316e18,3.907773101465702e18,4.466026401675088e18,5.024279701884473e18,5.58253300209386e18],"times":[6224081.0,6839492.0,5284545.0,2938960.0,2951723.0,4818955.0,6469242.0,2756988.0,2781907.0,2765380.0]}