{"sampling_mode":"Linear","iters":[5.562432377338768e17,1.1124864754677536e18,1.6687297132016305e18,2.2249729509355072e18,2.781216188669384e18,3.337459426403261e18,3.8937026641371377e18,4.4499459018710144e18,5.006189139604892e18,5.562432377338768e18],"times":[27234830.0,23158912.0,23048499.0,21948311.0,21994015.0,22122879.0,22162917.0,21901556.0,22704965.0,23004894.0]}