{"sampling_mode":"Linear","iters":[5.55047896872379e17,1.110095793744758e18,1.6651436906171372e18,2.220191587489516e18,2.775239484361895e18,3.3302873812342743e18,3.885335278106653e18,4.440383174979032e18,4.995431071851411e18,5.55047896872379e18],"times":[21767269.0,18354344.0,18188350.0,18243043.0,18259032.0,18329121.0,17133761.0,18619689.0,24083583.0,18871226.0]}