{"sampling_mode":"Linear","iters":[5.589770755106414e17,1.1179541510212828e18,1.6769312265319242e18,2.2359083020425656e18,2.7948853775532073e18,3.3538624530638484e18,3.9128395285744896e18,4.4718166040851313e18,5.030793679595773e18,5.589770755106415e18],"times":[5995477.0,3360894.0,3359597.0,3287948.0,3297487.0,3284927.0,3322854.0,5320696.0,5933539.0,6443361.0]}