{"sampling_mode":"Linear","iters":[5.589182572946376e17,1.1178365145892751e18,1.6767547718839127e18,2.2356730291785503e18,2.794591286473188e18,3.3535095437678254e18,3.912427801062463e18,4.4713460583571005e18,5.030264315651738e18,5.589182572946376e18],"times":[665313.0,429256.0,423409.0,425230.0,424819.0,425445.0,423397.0,428420.0,423256.0,427096.0]}