{"sampling_mode":"Linear","iters":[5.5750463515554765e17,1.1150092703110953e18,1.672513905466643e18,2.2300185406221906e18,2.787523175777738e18,3.345027810933286e18,3.9025324460888335e18,4.460037081244381e18,5.017541716399929e18,5.575046351555476e18],"times":[12706552.0,12025428.0,11982205.0,11938486.0,11911225.0,11941163.0,11926079.0,11914437.0,11905048.0,11922275.0]}