{"mean":{"confidence_interval":{"confidence_level":0.95,"lower_bound":3.090744483269852e-12,"upper_bound":1.050846963740205e-11},"point_estimate":6.208397908199231e-12,"standard_error":1.9487120263352973e-12},"median":{"confidence_interval":{"confidence_level":0.95,"lower_bound":2.330437427112416e-12,"upper_bound":8.598960629311089e-12},"point_estimate":3.199408111902305e-12,"standard_error":1.630867599070565e-12},"median_abs_dev":{"confidence_interval":{"confidence_level":0.95,"lower_bound":3.638206828928579e-13,"upper_bound":6.907052335784245e-12},"point_estimate":1.972410013597704e-12,"standard_error":1.9456632722492443e-12},"slope":{"confidence_interval":{"confidence_level":0.95,"lower_bound":2.1999922216672403e-12,"upper_bound":3.935080119783142e-12},"point_estimate":2.7052953787754033e-12,"standard_error":4.559037965376697e-13},"std_dev":{"confidence_interval":{"confidence_level":0.95,"lower_bound":1.504476238458375e-12,"upper_bound":9.417528826434972e-12},"point_estimate":6.493684932494725e-12,"standard_error":2.3218096188951918e-12}}