{"sampling_mode":"Linear","iters":[5.588575391269208e17,1.1177150782538417e18,1.6765726173807626e18,2.2354301565076833e18,2.794287695634604e18,3.353145234761525e18,3.912002773888446e18,4.4708603130153667e18,5.029717852142288e18,5.588575391269208e18],"times":[3623343.0,5333148.0,5248183.0,3422860.0,5263065.0,3152449.0,5456905.0,5510207.0,5081032.0,5240617.0]}