{"sampling_mode":"Linear","iters":[5.5690773973059725e17,1.1138154794611945e18,1.6707232191917916e18,2.227630958922389e18,2.7845386986529864e18,3.341446438383583e18,3.8983541781141806e18,4.455261917844778e18,5.012169657575375e18,5.569077397305973e18],"times":[21796466.0,24698388.0,23048094.0,23057086.0,16522177.0,16270099.0,17309791.0,24008256.0,16256210.0,23813101.0]}