{"sampling_mode":"Linear","iters":[5.582425959344159e17,1.1164851918688317e18,1.6747277878032476e18,2.2329703837376635e18,2.7912129796720794e18,3.349455575606495e18,3.907698171540911e18,4.465940767475327e18,5.024183363409743e18,5.582425959344159e18],"times":[10649379.0,9854052.0,11500302.0,10772530.0,11230067.0,10314137.0,9866923.0,11626600.0,10632285.0,10024590.0]}