{"mean":{"confidence_interval":{"confidence_level":0.95,"lower_bound":1.3310510465751365e-11,"upper_bound":3.8624659402150165e-11},"point_estimate":2.390377928327783e-11,"standard_error":6.635396508395308e-12},"median":{"confidence_interval":{"confidence_level":0.95,"lower_bound":9.535954463434695e-12,"upper_bound":2.9519357184588884e-11},"point_estimate":1.7393697069660103e-11,"standard_error":5.5644147718272975e-12},"median_abs_dev":{"confidence_interval":{"confidence_level":0.95,"lower_bound":1.745939094717089e-12,"upper_bound":2.332150237509881e-11},"point_estimate":1.2421679588445046e-11,"standard_error":6.011732215458418e-12},"slope":{"confidence_interval":{"confidence_level":0.95,"lower_bound":9.441716748530922e-12,"upper_bound":1.6905438831511235e-11},"point_estimate":1.162698762144914e-11,"standard_error":1.940189318059585e-12},"std_dev":{"confidence_interval":{"confidence_level":0.95,"lower_bound":5.6565757947352415e-12,"upper_bound":3.2323491989637266e-11},"point_estimate":2.2095416812178148e-11,"standard_error":7.99366944812417e-12}}