{"sampling_mode":"Linear","iters":[5.546563818316435e17,1.109312763663287e18,1.6639691454949304e18,2.218625527326574e18,2.7732819091582177e18,3.327938290989861e18,3.8825946728215045e18,4.437251054653148e18,4.991907436484791e18,5.546563818316435e18],"times":[44621686.0,42221767.0,46901429.0,42854248.0,58176581.0,51488929.0,42126396.0,42313424.0,42405371.0,42681493.0]}