{"sampling_mode":"Linear","iters":[5.561137887503887e17,1.1122275775007773e18,1.668341366251166e18,2.2244551550015547e18,2.780568943751943e18,3.336682732502332e18,3.8927965212527206e18,4.4489103100031094e18,5.005024098753498e18,5.561137887503886e18],"times":[12727900.0,8746456.0,8750558.0,8652411.0,8681972.0,8724427.0,8701071.0,10753415.0,9289698.0,8663809.0]}