{"sampling_mode":"Linear","iters":[5.587208581066585e17,1.117441716213317e18,1.6761625743199754e18,2.234883432426634e18,2.7936042905332925e18,3.352325148639951e18,3.9110460067466097e18,4.469766864853268e18,5.028487722959926e18,5.587208581066585e18],"times":[36025742.0,31897506.0,32209802.0,31864887.0,32250768.0,31965616.0,32248377.0,31861497.0,31935029.0,31863639.0]}