{"mean":{"confidence_interval":{"confidence_level":0.95,"lower_bound":9076973.103471236,"upper_bound":27968068.266666662},"point_estimate":16890997.79436508,"standard_error":5034189.49077288},"median":{"confidence_interval":{"confidence_level":0.95,"lower_bound":7533974.548611111,"upper_bound":19566890.5625},"point_estimate":10658943.075,"standard_error":3346120.121369938},"median_abs_dev":{"confidence_interval":{"confidence_level":0.95,"lower_bound":1388625.8561919646,"upper_bound":15789624.577940628},"point_estimate":5529001.7833022615,"standard_error":3934870.4505794486},"slope":{"confidence_interval":{"confidence_level":0.95,"lower_bound":6634207.934366044,"upper_bound":11320453.94972067},"point_estimate":8162130.336363636,"standard_error":1211626.6815717923},"std_dev":{"confidence_interval":{"confidence_level":0.95,"lower_bound":2887247.7911012424,"upper_bound":24982648.364370245},"point_estimate":16881356.635715157,"standard_error":6605673.865741897}}