{"sampling_mode":"Linear","iters":[5.5863159210200416e17,1.1172631842040083e18,1.6758947763060124e18,2.2345263684080166e18,2.7931579605100206e18,3.351789552612025e18,3.910421144714029e18,4.4690527368160333e18,5.027684328918038e18,5.586315921020041e18],"times":[4332910.0,4320152.0,4278564.0,4270248.0,4281285.0,4278626.0,4279727.0,4268281.0,4286807.0,4273412.0]}