{"sampling_mode":"Linear","iters":[5.5767892510300666e17,1.1153578502060133e18,1.67303677530902e18,2.2307157004120266e18,2.788394625515033e18,3.34607355061804e18,3.9037524757210465e18,4.461431400824053e18,5.019110325927059e18,5.576789251030066e18],"times":[1045125.0,1041966.0,1063718.0,1025324.0,1033999.0,1012202.0,1009142.0,1006554.0,1016116.0,1005698.0]}