{"sampling_mode":"Linear","iters":[5.5837065248824896e17,1.1167413049764979e18,1.675111957464747e18,2.2334826099529958e18,2.7918532624412447e18,3.350223914929494e18,3.908594567417743e18,4.4669652199059917e18,5.025335872394241e18,5.583706524882489e18],"times":[1508953.0,1703217.0,1968209.0,1536992.0,1503843.0,1506742.0,1509607.0,1507620.0,1502592.0,1504277.0]}