{"sampling_mode":"Linear","iters":[5.534510128666474e17,1.1069020257332948e18,1.6603530385999421e18,2.2138040514665897e18,2.767255064333237e18,3.3207060771998843e18,3.874157090066532e18,4.4276081029331794e18,4.981059115799826e18,5.534510128666474e18],"times":[28240500.0,33638134.0,22862091.0,32895848.0,32137515.0,31966935.0,23629375.0,28827817.0,26991751.0,24795134.0]}