{"sampling_mode":"Linear","iters":[5.589044152509276e17,1.1178088305018552e18,1.6767132457527828e18,2.2356176610037105e18,2.794522076254638e18,3.3534264915055657e18,3.9123309067564933e18,4.471235322007421e18,5.030139737258349e18,5.589044152509276e18],"times":[1722241.0,1747690.0,1711905.0,1721700.0,2618615.0,849851.0,1184871.0,1713202.0,959370.0,817357.0]}