{"sampling_mode":"Linear","iters":[5.5502376626655597e17,1.1100475325331119e18,1.665071298799668e18,2.2200950650662239e18,2.77511883133278e18,3.330142597599336e18,3.885166363865892e18,4.4401901301324477e18,4.995213896399004e18,5.55023766266556e18],"times":[35770949.0,36267201.0,24683047.0,47022858.0,40428363.0,32377968.0,37650955.0,37605142.0,37704884.0,37571451.0]}