{"sampling_mode":"Linear","iters":[5.5753183258068326e17,1.1150636651613665e18,1.6725954977420498e18,2.230127330322733e18,2.7876591629034163e18,3.3451909954840996e18,3.902722828064783e18,4.460254660645466e18,5.01778649322615e18,5.575318325806833e18],"times":[16196933.0,15011741.0,12170279.0,14813931.0,11883394.0,14892981.0,14368765.0,11618173.0,11178411.0,9704023.0]}