{"mean":{"confidence_interval":{"confidence_level":0.95,"lower_bound":3.1868772110592192e-12,"upper_bound":1.2358607367680679e-11},"point_estimate":7.13182238218374e-12,"standard_error":2.398976000955613e-12},"median":{"confidence_interval":{"confidence_level":0.95,"lower_bound":2.261058672004114e-12,"upper_bound":9.93611602716488e-12},"point_estimate":3.489843400288742e-12,"standard_error":2.1031909052117994e-12},"median_abs_dev":{"confidence_interval":{"confidence_level":0.95,"lower_bound":5.768558870906985e-13,"upper_bound":9.428251504991244e-12},"point_estimate":2.576516071407848e-12,"standard_error":2.4823681292607663e-12},"slope":{"confidence_interval":{"confidence_level":0.95,"lower_bound":2.1546084458390745e-12,"upper_bound":4.272856185905909e-12},"point_estimate":2.757248303748248e-12,"standard_error":5.51983841600469e-13},"std_dev":{"confidence_interval":{"confidence_level":0.95,"lower_bound":1.5544139355593172e-12,"upper_bound":1.143572448367822e-11},"point_estimate":8.001724376506526e-12,"standard_error":2.726887684338923e-12}}