{"sampling_mode":"Linear","iters":[5.563871109371852e17,1.1127742218743704e18,1.6691613328115556e18,2.2255484437487409e18,2.781935554685926e18,3.338322665623111e18,3.8947097765602964e18,4.4510968874974817e18,5.007483998434666e18,5.563871109371852e18],"times":[17957556.0,16373726.0,16156128.0,24349017.0,18170195.0,24639667.0,24395776.0,24386084.0,16316047.0,16283947.0]}