{"mean":{"confidence_interval":{"confidence_level":0.95,"lower_bound":7.102511984541472e-7,"upper_bound":2.1250185195959202e-6},"point_estimate":1.341921521281831e-6,"standard_error":3.657231298530323e-7},"median":{"confidence_interval":{"confidence_level":0.95,"lower_bound":5.109460059043965e-7,"upper_bound":2.266557867464887e-6},"point_estimate":7.529281284284691e-7,"standard_error":4.44689272781422e-7},"median_abs_dev":{"confidence_interval":{"confidence_level":0.95,"lower_bound":9.75997533990056e-8,"upper_bound":1.9661185936778395e-6},"point_estimate":4.7197208690155816e-7,"standard_error":4.832427908709698e-7},"slope":{"confidence_interval":{"confidence_level":0.95,"lower_bound":5.039399042272448e-7,"upper_bound":9.02077127509596e-7},"point_estimate":6.165759321164097e-7,"standard_error":1.0610669071818793e-7},"std_dev":{"confidence_interval":{"confidence_level":0.95,"lower_bound":2.850911366861976e-7,"upper_bound":1.654505571040062e-6},"point_estimate":1.2170322122861992e-6,"standard_error":3.370630908294986e-7}}