{"sampling_mode":"Linear","iters":[5.570787360216619e17,1.1141574720433238e18,1.6712362080649856e18,2.2283149440866476e18,2.7853936801083095e18,3.342472416129971e18,3.8995511521516334e18,4.456629888173295e18,5.013708624194957e18,5.570787360216619e18],"times":[18151831.0,16284656.0,14535879.0,14492844.0,14558931.0,14577416.0,14585369.0,14512132.0,14173372.0,8430466.0]}