{"mean":{"confidence_interval":{"confidence_level":0.95,"lower_bound":1.142156665012537e-12,"upper_bound":6.550526621125753e-12},"point_estimate":3.1335207122864054e-12,"standard_error":1.5569516841505019e-12},"median":{"confidence_interval":{"confidence_level":0.95,"lower_bound":8.464127349133604e-13,"upper_bound":2.5509949717219796e-12},"point_estimate":1.4174171283086277e-12,"standard_error":5.485134744840489e-13},"median_abs_dev":{"confidence_interval":{"confidence_level":0.95,"lower_bound":1.3018602284208697e-13,"upper_bound":1.9853202222036093e-12},"point_estimate":9.085063192518495e-13,"standard_error":6.325947317753876e-13},"slope":{"confidence_interval":{"confidence_level":0.95,"lower_bound":8.518838551386962e-13,"upper_bound":1.5098176386553726e-12},"point_estimate":1.0394086770319322e-12,"standard_error":1.7339895930435636e-13},"std_dev":{"confidence_interval":{"confidence_level":0.95,"lower_bound":4.168780497441398e-13,"upper_bound":7.986602224398755e-12},"point_estimate":5.203644452595451e-12,"standard_error":2.61106350419197e-12}}