{"sampling_mode":"Linear","iters":[5.588164680064929e17,1.1176329360129859e18,1.6764494040194788e18,2.2352658720259717e18,2.794082340032465e18,3.3528988080389576e18,3.91171527604545e18,4.4705317440519434e18,5.029348212058437e18,5.58816468006493e18],"times":[9919117.0,3799209.0,3972069.0,3805886.0,3837707.0,4899664.0,3804672.0,3783915.0,3836705.0,3894472.0]}