{"sampling_mode":"Linear","iters":[5.561803414583406e17,1.1123606829166812e18,1.6685410243750218e18,2.2247213658333624e18,2.7809017072917033e18,3.3370820487500436e18,3.893262390208384e18,4.449442731666725e18,5.005623073125066e18,5.561803414583407e18],"times":[36615600.0,32437142.0,32365579.0,32569214.0,32493435.0,32650506.0,32735520.0,32893217.0,32701153.0,32551433.0]}