{"sampling_mode":"Linear","iters":[1.718804118198973e16,3.437608236397946e16,5.156412354596919e16,6.875216472795892e16,8.594020590994866e16,1.0312824709193838e17,1.2031628827392811e17,1.3750432945591784e17,1.546923706379076e17,1.718804118198973e17],"times":[61981649.0,39755256.0,34474604.0,34783068.0,34666072.0,34596229.0,34575544.0,34575029.0,34778421.0,34601797.0]}