{"mean":{"confidence_interval":{"confidence_level":0.95,"lower_bound":57670124.9,"upper_bound":66548871.396666646},"point_estimate":61900994.4,"standard_error":2269929.1266145934},"median":{"confidence_interval":{"confidence_level":0.95,"lower_bound":54734493.666666664,"upper_bound":67714117.66666667},"point_estimate":60755145.166666664,"standard_error":3481820.086232529},"median_abs_dev":{"confidence_interval":{"confidence_level":0.95,"lower_bound":575801.7995774746,"upper_bound":12300648.654019833},"point_estimate":9214118.655216694,"standard_error":3271781.3294295045},"slope":null,"std_dev":{"confidence_interval":{"confidence_level":0.95,"lower_bound":4018593.16878505,"upper_bound":9365974.107730292},"point_estimate":7556364.377785981,"standard_error":1356981.9391972686}}