{"sampling_mode":"Linear","iters":[5.536480712042142e17,1.1072961424084284e18,1.6609442136126426e18,2.2145922848168568e18,2.768240356021071e18,3.321888427225285e18,3.8755364984294994e18,4.4291845696337137e18,4.982832640837928e18,5.536480712042142e18],"times":[8122465.0,8093663.0,8091073.0,8092404.0,8075787.0,8084197.0,8081390.0,8095220.0,8082090.0,8144756.0]}