{"sampling_mode":"Linear","iters":[5.5830365953666714e17,1.1166073190733343e18,1.6749109786100014e18,2.2332146381466685e18,2.7915182976833357e18,3.349821957220003e18,3.90812561675667e18,4.466429276293337e18,5.024732935830004e18,5.583036595366671e18],"times":[5256954.0,7846800.0,9874581.0,6661350.0,6408540.0,6442735.0,8315882.0,5295278.0,6357071.0,5970332.0]}