{"mean":{"confidence_interval":{"confidence_level":0.95,"lower_bound":0.005825134141394164,"upper_bound":0.02201400226138152},"point_estimate":0.01265404180773591,"standard_error":0.00422237141691582},"median":{"confidence_interval":{"confidence_level":0.95,"lower_bound":0.004496744415108124,"upper_bound":0.016092501133929075},"point_estimate":0.006383258868722017,"standard_error":0.0033205329277459965},"median_abs_dev":{"confidence_interval":{"confidence_level":0.95,"lower_bound":0.0007534067828452334,"upper_bound":0.015324884627370191},"point_estimate":0.0031446470212813777,"standard_error":0.004027100425267123},"slope":{"confidence_interval":{"confidence_level":0.95,"lower_bound":0.004210886315338544,"upper_bound":0.007749596838990559},"point_estimate":0.005341795936746933,"standard_error":0.0009290776804087177},"std_dev":{"confidence_interval":{"confidence_level":0.95,"lower_bound":0.0018269063848353514,"upper_bound":0.020387546364014},"point_estimate":0.014109990384017126,"standard_error":0.005052325692931437}}