{"sampling_mode":"Linear","iters":[5.569194078862144e17,1.1138388157724288e18,1.6707582236586432e18,2.2276776315448576e18,2.784597039431072e18,3.3415164473172864e18,3.898435855203501e18,4.455355263089715e18,5.012274670975929e18,5.569194078862143e18],"times":[25416337.0,25144064.0,21323629.0,26970012.0,21473683.0,25756222.0,20495924.0,16698878.0,27429841.0,18871624.0]}