{"sampling_mode":"Linear","iters":[5.5892683065623936e17,1.1178536613124787e18,1.676780491968718e18,2.2357073226249574e18,2.794634153281197e18,3.353560983937436e18,3.9124878145936753e18,4.471414645249915e18,5.030341475906154e18,5.589268306562394e18],"times":[2143249.0,2231133.0,1953870.0,1258093.0,2256341.0,3533394.0,2832215.0,2194147.0,1455652.0,1334121.0]}