{"mean":{"confidence_interval":{"confidence_level":0.95,"lower_bound":2.021195569052474e-12,"upper_bound":6.049164884284979e-12},"point_estimate":3.703471064548035e-12,"standard_error":1.057539529319096e-12},"median":{"confidence_interval":{"confidence_level":0.95,"lower_bound":1.5750005723347057e-12,"upper_bound":4.724552376330169e-12},"point_estimate":2.3116499144210176e-12,"standard_error":8.285959469021406e-13},"median_abs_dev":{"confidence_interval":{"confidence_level":0.95,"lower_bound":2.9705366953960597e-13,"upper_bound":3.64812513720977e-12},"point_estimate":1.2957911836254878e-12,"standard_error":9.45231875455953e-13},"slope":{"confidence_interval":{"confidence_level":0.95,"lower_bound":1.5204338016217583e-12,"upper_bound":2.4767517497301458e-12},"point_estimate":1.8011048575763932e-12,"standard_error":2.5209161076284504e-13},"std_dev":{"confidence_interval":{"confidence_level":0.95,"lower_bound":7.541618085713067e-13,"upper_bound":5.151200514113302e-12},"point_estimate":3.52900542556843e-12,"standard_error":1.294330189319144e-12}}