{"sampling_mode":"Linear","iters":[5.557574786312661e17,1.1115149572625322e18,1.6672724358937984e18,2.2230299145250644e18,2.7787873931563305e18,3.334544871787597e18,3.8903023504188626e18,4.446059829050129e18,5.001817307681395e18,5.557574786312661e18],"times":[28112489.0,26498560.0,25491996.0,28217502.0,33035692.0,37342182.0,26490411.0,25419512.0,26070014.0,26280949.0]}