{"sampling_mode":"Linear","iters":[5.566935598987991e17,1.1133871197975982e18,1.6700806796963973e18,2.2267742395951964e18,2.7834677994939955e18,3.3401613593927946e18,3.8968549192915937e18,4.453548479190393e18,5.010242039089192e18,5.566935598987991e18],"times":[17015114.0,15434278.0,15455506.0,15322357.0,15315622.0,15338838.0,15314075.0,15336918.0,15346946.0,15335844.0]}