{"mean":{"confidence_interval":{"confidence_level":0.95,"lower_bound":18776397.900665183,"upper_bound":56744350.70256248},"point_estimate":34874511.42196429,"standard_error":9966513.584427195},"median":{"confidence_interval":{"confidence_level":0.95,"lower_bound":14054614.15625,"upper_bound":46333303.0625},"point_estimate":21066514.6625,"standard_error":8153222.876242651},"median_abs_dev":{"confidence_interval":{"confidence_level":0.95,"lower_bound":2589209.827394836,"upper_bound":36245503.08509119},"point_estimate":13105834.41116743,"standard_error":9562257.511009568},"slope":{"confidence_interval":{"confidence_level":0.95,"lower_bound":14200790.68202417,"upper_bound":23201614.69697098},"point_estimate":16810846.65844156,"standard_error":2357629.0859501897},"std_dev":{"confidence_interval":{"confidence_level":0.95,"lower_bound":7319175.978276924,"upper_bound":48063389.23498061},"point_estimate":33264810.95277009,"standard_error":11825289.987873828}}