{"sampling_mode":"Linear","iters":[5.5892102396008006e17,1.1178420479201601e18,1.67676307188024e18,2.2356840958403203e18,2.7946051198004004e18,3.35352614376048e18,3.9124471677205606e18,4.4713681916806405e18,5.03028921564072e18,5.589210239600801e18],"times":[918555.0,906111.0,904637.0,899482.0,900503.0,903647.0,901124.0,900909.0,908526.0,919315.0]}