{"sampling_mode":"Linear","iters":[5.5834332706240115e17,1.1166866541248023e18,1.6750299811872036e18,2.2333733082496046e18,2.7917166353120056e18,3.350059962374407e18,3.908403289436808e18,4.466746616499209e18,5.02508994356161e18,5.583433270624011e18],"times":[2230177.0,3282885.0,2242806.0,2319622.0,2239510.0,2211935.0,2252271.0,2211482.0,2209209.0,2280244.0]}