{"sampling_mode":"Linear","iters":[5.575870298095008e17,1.1151740596190016e18,1.6727610894285025e18,2.2303481192380032e18,2.787935149047504e18,3.345522178857005e18,3.9031092086665057e18,4.4606962384760064e18,5.018283268285508e18,5.575870298095008e18],"times":[9619141.0,8650765.0,8578402.0,8509295.0,8526096.0,8607563.0,8551137.0,8505760.0,8696247.0,8565598.0]}