{"mean":{"confidence_interval":{"confidence_level":0.95,"lower_bound":53102569.446666665,"upper_bound":57312861.54416667},"point_estimate":55264361.833333336,"standard_error":1079021.565145197},"median":{"confidence_interval":{"confidence_level":0.95,"lower_bound":52208750.166666664,"upper_bound":58572833.5},"point_estimate":55904692.333333336,"standard_error":1965107.917235635},"median_abs_dev":{"confidence_interval":{"confidence_level":0.95,"lower_bound":475175.7625639402,"upper_bound":5922595.735552903},"point_estimate":4614820.244270565,"standard_error":1476099.0474572813},"slope":null,"std_dev":{"confidence_interval":{"confidence_level":0.95,"lower_bound":2211706.279881748,"upper_bound":4351525.290256549},"point_estimate":3595084.0761634465,"standard_error":551009.7466587264}}