{"sampling_mode":"Linear","iters":[5.5871570682886176e17,1.1174314136577235e18,1.6761471204865853e18,2.234862827315447e18,2.7935785341443087e18,3.3522942409731707e18,3.911009947802032e18,4.469725654630894e18,5.028441361459756e18,5.587157068288617e18],"times":[2252882.0,2172970.0,3624915.0,4257219.0,4282389.0,4276362.0,4336197.0,4298100.0,4308017.0,4304095.0]}