{"sampling_mode":"Linear","iters":[5.5877059284289434e17,1.1175411856857887e18,1.676311778528683e18,2.2350823713715773e18,2.7938529642144717e18,3.352623557057366e18,3.9113941499002604e18,4.4701647427431547e18,5.028935335586049e18,5.587705928428943e18],"times":[4336235.0,3892967.0,3888432.0,3890313.0,3885346.0,3886631.0,3886785.0,3882521.0,3891722.0,3894366.0]}