{"sampling_mode":"Linear","iters":[5.574078483372662e17,1.1148156966745324e18,1.6722235450117985e18,2.2296313933490647e18,2.787039241686331e18,3.344447090023597e18,3.901854938360863e18,4.4592627866981294e18,5.016670635035396e18,5.574078483372662e18],"times":[12603883.0,8517551.0,8470333.0,8418741.0,8403235.0,8384870.0,8438268.0,8434602.0,8445809.0,8439404.0]}