{"sampling_mode":"Linear","iters":[5.5810122841931034e17,1.1162024568386207e18,1.674303685257931e18,2.2324049136772413e18,2.790506142096552e18,3.348607370515862e18,3.906708598935172e18,4.4648098273544827e18,5.022911055773793e18,5.581012284193104e18],"times":[5627629.0,5803115.0,7880744.0,5625032.0,5616955.0,5626107.0,5564082.0,5549864.0,5565510.0,5621216.0]}