{"sampling_mode":"Linear","iters":[5.587342474429057e17,1.1174684948858115e18,1.6762027423287173e18,2.234936989771623e18,2.7936712372145285e18,3.3524054846574346e18,3.91113973210034e18,4.469873979543246e18,5.028608226986152e18,5.587342474429057e18],"times":[3299203.0,3264664.0,3925884.0,4381326.0,3344510.0,3269358.0,3296826.0,3266582.0,3262778.0,3265585.0]}