{"sampling_mode":"Linear","iters":[5.5770616197880646e17,1.1154123239576129e18,1.6731184859364193e18,2.2308246479152259e18,2.7885308098940324e18,3.3462369718728387e18,3.9039431338516454e18,4.4616492958304517e18,5.019355457809258e18,5.577061619788065e18],"times":[30583028.0,25702278.0,25594203.0,25584803.0,25565088.0,32977233.0,32581441.0,42071203.0,40355662.0,42176338.0]}