{"mean":{"confidence_interval":{"confidence_level":0.95,"lower_bound":0.0002825965532747491,"upper_bound":0.0008702952618363502},"point_estimate":0.0005233005275046513,"standard_error":0.00015725356133974101},"median":{"confidence_interval":{"confidence_level":0.95,"lower_bound":0.00023825412867271227,"upper_bound":0.0006171820404274914},"point_estimate":0.0003210287331240403,"standard_error":0.00009757443704763059},"median_abs_dev":{"confidence_interval":{"confidence_level":0.95,"lower_bound":0.0000208121244696495,"upper_bound":0.0004641042179612896},"point_estimate":0.00016882812111435841,"standard_error":0.00011668967869840688},"slope":{"confidence_interval":{"confidence_level":0.95,"lower_bound":0.0002071347824609412,"upper_bound":0.0003540818229118344},"point_estimate":0.0002538535724227016,"standard_error":0.000037894758877967465},"std_dev":{"confidence_interval":{"confidence_level":0.95,"lower_bound":0.00009459296771276871,"upper_bound":0.000783114725855941},"point_estimate":0.0005266838495565881,"standard_error":0.00021071980186120428}}