{"mean":{"confidence_interval":{"confidence_level":0.95,"lower_bound":44949324.84916666,"upper_bound":49717876.0},"point_estimate":47260094.2,"standard_error":1224816.0429434876},"median":{"confidence_interval":{"confidence_level":0.95,"lower_bound":43988973.5,"upper_bound":51021868.333333336},"point_estimate":46912908.83333333,"standard_error":1593462.6811359976},"median_abs_dev":{"confidence_interval":{"confidence_level":0.95,"lower_bound":1085008.6677372493,"upper_bound":7292428.908133507},"point_estimate":3250017.780500639,"standard_error":1638243.9394206929},"slope":null,"std_dev":{"confidence_interval":{"confidence_level":0.95,"lower_bound":2165136.4992600363,"upper_bound":5121942.7285194835},"point_estimate":4081886.206171646,"standard_error":745837.1387335178}}