{"mean":{"confidence_interval":{"confidence_level":0.95,"lower_bound":4.355376689581568e-12,"upper_bound":1.6196617537423915e-11},"point_estimate":9.639530617171425e-12,"standard_error":3.054308896383993e-12},"median":{"confidence_interval":{"confidence_level":0.95,"lower_bound":3.194132909015026e-12,"upper_bound":1.4692416630851306e-11},"point_estimate":4.721093065481228e-12,"standard_error":3.101739610210685e-12},"median_abs_dev":{"confidence_interval":{"confidence_level":0.95,"lower_bound":6.036489657306649e-13,"upper_bound":1.4596073747415898e-11},"point_estimate":2.67242152070031e-12,"standard_error":3.5965118428948367e-12},"slope":{"confidence_interval":{"confidence_level":0.95,"lower_bound":3.161756176674839e-12,"upper_bound":5.807606572131507e-12},"point_estimate":3.8880144461125054e-12,"standard_error":7.007712021994726e-13},"std_dev":{"confidence_interval":{"confidence_level":0.95,"lower_bound":1.5772849158789077e-12,"upper_bound":1.3593419327795066e-11},"point_estimate":1.0176712192258912e-11,"standard_error":2.9413227009636034e-12}}