{"sampling_mode":"Linear","iters":[5.5759340154165216e17,1.1151868030833043e18,1.6727802046249564e18,2.2303736061666086e18,2.787967007708261e18,3.345560409249913e18,3.9031538107915653e18,4.4607472123332173e18,5.018340613874869e18,5.575934015416522e18],"times":[2432851.0,2427401.0,2406424.0,2410093.0,2401348.0,2398444.0,2409577.0,5219446.0,5083915.0,5924800.0]}