{"sampling_mode":"Linear","iters":[5.577507353972621e17,1.1155014707945242e18,1.6732522061917862e18,2.2310029415890483e18,2.7887536769863107e18,3.3465044123835725e18,3.9042551477808343e18,4.4620058831780966e18,5.019756618575359e18,5.577507353972621e18],"times":[22741613.0,19363580.0,18611504.0,17846313.0,16795353.0,20760573.0,18747403.0,21289090.0,19087544.0,33213472.0]}