{"mean":{"confidence_interval":{"confidence_level":0.95,"lower_bound":152990.74302298846,"upper_bound":436420.4848919848},"point_estimate":274526.40489018883,"standard_error":73417.55843428084},"median":{"confidence_interval":{"confidence_level":0.95,"lower_bound":135712.48871100164,"upper_bound":368999.2834051724},"point_estimate":170448.55129310343,"standard_error":60298.94263750154},"median_abs_dev":{"confidence_interval":{"confidence_level":0.95,"lower_bound":6247.079916893913,"upper_bound":294769.1404505947},"point_estimate":54623.225428368874,"standard_error":74208.4838985569},"slope":{"confidence_interval":{"confidence_level":0.95,"lower_bound":114805.56865796927,"upper_bound":188190.00063856962},"point_estimate":139931.47012987014,"standard_error":19151.257912429595},"std_dev":{"confidence_interval":{"confidence_level":0.95,"lower_bound":44662.29507027303,"upper_bound":344083.95285797236},"point_estimate":245166.03690093558,"standard_error":81335.684459965}}