{"sampling_mode":"Linear","iters":[5.5830954003025254e17,1.1166190800605051e18,1.6749286200907576e18,2.2332381601210102e18,2.7915477001512627e18,3.3498572401815153e18,3.908166780211768e18,4.4664763202420204e18,5.024785860272273e18,5.583095400302525e18],"times":[14133722.0,10647461.0,10613569.0,10611384.0,10613716.0,10666894.0,10387228.0,10620968.0,13747515.0,10714839.0]}