{"sampling_mode":"Linear","iters":[5.5229116342218464e17,1.1045823268443693e18,1.6568734902665539e18,2.2091646536887386e18,2.7614558171109233e18,3.3137469805331077e18,3.8660381439552927e18,4.418329307377477e18,4.970620470799662e18,5.522911634221847e18],"times":[39317645.0,34808198.0,36593473.0,36330247.0,36578418.0,36536826.0,37765134.0,34153142.0,38352102.0,44734073.0]}