{"sampling_mode":"Linear","iters":[5.542692733164453e17,1.1085385466328906e18,1.662807819949336e18,2.2170770932657812e18,2.7713463665822264e18,3.325615639898672e18,3.8798849132151173e18,4.4341541865315625e18,4.988423459848008e18,5.542692733164453e18],"times":[29783705.0,29222249.0,36052832.0,36578951.0,30852576.0,35381715.0,31485063.0,34670902.0,30158989.0,30926391.0]}