{"sampling_mode":"Linear","iters":[5.574208396359976e17,1.1148416792719951e18,1.6722625189079926e18,2.2296833585439903e18,2.787104198179988e18,3.344525037815985e18,3.901945877451983e18,4.4593667170879805e18,5.016787556723978e18,5.574208396359976e18],"times":[17005564.0,15984123.0,16329609.0,18275162.0,17868288.0,32125234.0,23464301.0,22425606.0,17393416.0,17395916.0]}