{"sampling_mode":"Linear","iters":[5.571274427240203e17,1.1142548854480406e18,1.671382328172061e18,2.2285097708960812e18,2.7856372136201016e18,3.342764656344122e18,3.899892099068142e18,4.4570195417921623e18,5.014146984516183e18,5.571274427240203e18],"times":[25378137.0,30434150.0,24503184.0,17951148.0,22665822.0,17108744.0,18252763.0,19877726.0,17651224.0,17621260.0]}