{"sampling_mode":"Linear","iters":[3.4812006038859148e16,6.9624012077718296e16,1.0443601811657744e17,1.3924802415543659e17,1.7406003019429574e17,2.0887203623315488e17,2.4368404227201405e17,2.7849604831087318e17,3.1330805434973235e17,3.481200603885915e17],"times":[54895352.0,48209013.0,48066830.0,48128971.0,48091300.0,52346904.0,48131968.0,66813460.0,59052760.0,48104296.0]}