{"sampling_mode":"Linear","iters":[5.585907117793354e17,1.1171814235586708e18,1.6757721353380063e18,2.2343628471173417e18,2.792953558896677e18,3.3515442706760125e18,3.910134982455348e18,4.4687256942346834e18,5.027316406014019e18,5.585907117793354e18],"times":[3803295.0,3785831.0,7629811.0,3812019.0,3800401.0,3789213.0,3817256.0,3802378.0,3789261.0,3793903.0]}