{"mean":{"confidence_interval":{"confidence_level":0.95,"lower_bound":2.3248030944707137e-6,"upper_bound":6.751685498955369e-6},"point_estimate":4.16596379209285e-6,"standard_error":1.1654895117468356e-6},"median":{"confidence_interval":{"confidence_level":0.95,"lower_bound":1.8590182982568195e-6,"upper_bound":5.213147149132535e-6},"point_estimate":2.584336486361522e-6,"standard_error":9.082193069530186e-7},"median_abs_dev":{"confidence_interval":{"confidence_level":0.95,"lower_bound":2.875590789683623e-7,"upper_bound":4.151088543753043e-6},"point_estimate":1.1909532790007686e-6,"standard_error":1.0561832464126956e-6},"slope":{"confidence_interval":{"confidence_level":0.95,"lower_bound":1.8515091939442371e-6,"upper_bound":2.7734647689902606e-6},"point_estimate":2.124381467997974e-6,"standard_error":2.42652277800578e-7},"std_dev":{"confidence_interval":{"confidence_level":0.95,"lower_bound":7.242080275106478e-7,"upper_bound":5.657487655804568e-6},"point_estimate":3.881450142436786e-6,"standard_error":1.4298558228947282e-6}}