{"sampling_mode":"Linear","iters":[5.563510943147546e17,1.1127021886295092e18,1.669053282944264e18,2.2254043772590185e18,2.7817554715737733e18,3.338106565888528e18,3.8944576602032824e18,4.450808754518037e18,5.007159848832792e18,5.563510943147547e18],"times":[9653966.0,10502888.0,15059400.0,12000665.0,14496479.0,11062501.0,8854308.0,8687023.0,8740462.0,8700767.0]}