{"sampling_mode":"Linear","iters":[5.560118720126954e17,1.1120237440253908e18,1.6680356160380861e18,2.2240474880507817e18,2.780059360063477e18,3.3360712320761723e18,3.892083104088868e18,4.4480949761015634e18,5.004106848114259e18,5.560118720126954e18],"times":[18554790.0,17267904.0,16973052.0,18777592.0,15632052.0,15753140.0,15841843.0,15755895.0,21137922.0,16798678.0]}