{"sampling_mode":"Linear","iters":[5.5363970215408134e17,1.1072794043081627e18,1.660919106462244e18,2.2145588086163254e18,2.768198510770407e18,3.321838212924488e18,3.8754779150785695e18,4.429117617232651e18,4.982757319386733e18,5.536397021540814e18],"times":[27555795.0,16309174.0,21795952.0,20214715.0,16481218.0,16172170.0,23412455.0,21322480.0,16488322.0,23999745.0]}