{"sampling_mode":"Linear","iters":[5.57904543174338e17,1.115809086348676e18,1.673713629523014e18,2.231618172697352e18,2.7895227158716897e18,3.347427259046028e18,3.905331802220366e18,4.463236345394704e18,5.021140888569042e18,5.579045431743379e18],"times":[16026793.0,12335018.0,12328285.0,8404891.0,8306990.0,8264272.0,11192703.0,8826522.0,8220764.0,8247406.0]}