{"sampling_mode":"Linear","iters":[5.579694533576832e17,1.1159389067153664e18,1.6739083600730496e18,2.2318778134307328e18,2.789847266788416e18,3.347816720146099e18,3.9057861735037824e18,4.4637556268614656e18,5.021725080219148e18,5.579694533576832e18],"times":[5411128.0,5371744.0,5430162.0,5344625.0,5341891.0,5337934.0,5338900.0,5359169.0,5342983.0,5341054.0]}