{"sampling_mode":"Linear","iters":[5.589560897011151e17,1.1179121794022301e18,1.6768682691033452e18,2.2358243588044603e18,2.7947804485055754e18,3.3537365382066903e18,3.9126926279078057e18,4.4716487176089206e18,5.030604807310036e18,5.589560897011151e18],"times":[5322546.0,6931871.0,2650146.0,2600574.0,3743573.0,3910110.0,6076602.0,2721263.0,3754264.0,2450709.0]}