{"sampling_mode":"Linear","iters":[5.586851430700832e17,1.1173702861401664e18,1.6760554292102497e18,2.2347405722803328e18,2.793425715350416e18,3.3521108584204995e18,3.9107960014905825e18,4.4694811445606656e18,5.028166287630749e18,5.586851430700832e18],"times":[2672306.0,2673628.0,2650669.0,4351043.0,3336607.0,2669983.0,2663965.0,2684515.0,2656414.0,2649354.0]}