{"sampling_mode":"Linear","iters":[2.775767908685743e17,5.551535817371486e17,8.327303726057229e17,1.1103071634742972e18,1.3878839543428716e18,1.6654607452114458e18,1.9430375360800202e18,2.2206143269485944e18,2.498191117817169e18,2.775767908685743e18],"times":[8037367.0,7945749.0,7942418.0,7949827.0,7953744.0,7955157.0,7950952.0,7951265.0,7943340.0,12449814.0]}