{"sampling_mode":"Linear","iters":[5.5797843244078317e17,1.1159568648815663e18,1.6739352973223496e18,2.2319137297631327e18,2.789892162203916e18,3.347870594644699e18,3.905849027085482e18,4.4638274595262653e18,5.021805891967049e18,5.579784324407832e18],"times":[28339354.0,21761433.0,29563478.0,21811441.0,21378957.0,26959242.0,22082761.0,28565627.0,31622764.0,25213370.0]}