{"sampling_mode":"Linear","iters":[5.5893932856743795e17,1.1178786571348759e18,1.676817985702314e18,2.2357573142697518e18,2.7946966428371896e18,3.353635971404628e18,3.912575299972066e18,4.4715146285395036e18,5.030453957106942e18,5.589393285674379e18],"times":[536354.0,539647.0,834101.0,536303.0,550019.0,558618.0,791692.0,1316955.0,543320.0,880380.0]}