{"mean":{"confidence_interval":{"confidence_level":0.95,"lower_bound":7419667.945327381,"upper_bound":22094529.178095236},"point_estimate":13621199.473556548,"standard_error":3833562.779564206},"median":{"confidence_interval":{"confidence_level":0.95,"lower_bound":5607192.828125,"upper_bound":18064476.921875},"point_estimate":8434783.335416667,"standard_error":3096464.375881137},"median_abs_dev":{"confidence_interval":{"confidence_level":0.95,"lower_bound":897254.4850236741,"upper_bound":13996441.160375997},"point_estimate":4989711.670505535,"standard_error":3586116.7527856054},"slope":{"confidence_interval":{"confidence_level":0.95,"lower_bound":5655272.107221306,"upper_bound":9159669.897910895},"point_estimate":6655772.948051948,"standard_error":912323.6271610634},"std_dev":{"confidence_interval":{"confidence_level":0.95,"lower_bound":2764899.8427126165,"upper_bound":18477466.248569127},"point_estimate":12802274.990393614,"standard_error":4557063.967101813}}