{"mean":{"confidence_interval":{"confidence_level":0.95,"lower_bound":6.956693876938671e-8,"upper_bound":1.797045716789046e-7},"point_estimate":1.1392945218428308e-7,"standard_error":2.9424090484458643e-8},"median":{"confidence_interval":{"confidence_level":0.95,"lower_bound":6.187601536480627e-8,"upper_bound":1.3444815257387793e-7},"point_estimate":8.340655468121093e-8,"standard_error":1.766499661078537e-8},"median_abs_dev":{"confidence_interval":{"confidence_level":0.95,"lower_bound":1.0169935366047729e-8,"upper_bound":8.932552689471912e-8},"point_estimate":3.154314849724421e-8,"standard_error":2.1055967798600847e-8},"slope":{"confidence_interval":{"confidence_level":0.95,"lower_bound":5.0726904437751204e-8,"upper_bound":8.46057116109459e-8},"point_estimate":6.332968773803786e-8,"standard_error":8.818603841959568e-9},"std_dev":{"confidence_interval":{"confidence_level":0.95,"lower_bound":1.9100515278402727e-8,"upper_bound":1.4653116896199756e-7},"point_estimate":9.804165082187936e-8,"standard_error":3.974371308561012e-8}}