{"sampling_mode":"Linear","iters":[5.577695466932448e17,1.1155390933864896e18,1.6733086400797343e18,2.2310781867729792e18,2.788847733466224e18,3.3466172801594685e18,3.9043868268527135e18,4.4621563735459584e18,5.019925920239203e18,5.577695466932448e18],"times":[20600438.0,12414911.0,12407312.0,12088285.0,12079127.0,13706444.0,15362582.0,14547031.0,14874322.0,14701611.0]}