{"sampling_mode":"Linear","iters":[5.5633822333480454e17,1.1126764466696091e18,1.6690146700044137e18,2.2253528933392182e18,2.781691116674023e18,3.3380293400088274e18,3.894367563343632e18,4.4507057866784364e18,5.007044010013241e18,5.563382233348046e18],"times":[42222909.0,41291819.0,41324945.0,41566425.0,41402098.0,41274107.0,41368655.0,41352291.0,41745247.0,41278789.0]}