{"sampling_mode":"Linear","iters":[5.5457408656257606e17,1.1091481731251521e18,1.663722259687728e18,2.2182963462503043e18,2.7728704328128804e18,3.327444519375456e18,3.8820186059380326e18,4.4365926925006085e18,4.991166779063184e18,5.545740865625761e18],"times":[27495092.0,24697819.0,23895413.0,24209202.0,24139237.0,24125908.0,24107073.0,24176056.0,24600585.0,24192568.0]}