{"sampling_mode":"Linear","iters":[5.584304835088093e17,1.1168609670176186e18,1.675291450526428e18,2.233721934035237e18,2.7921524175440466e18,3.350582901052856e18,3.909013384561665e18,4.467443868070474e18,5.025874351579283e18,5.584304835088093e18],"times":[8537373.0,9082756.0,7281400.0,7903807.0,6995128.0,8163780.0,8053635.0,7230416.0,8490911.0,7781455.0]}