{"sampling_mode":"Linear","iters":[5.547903390063676e17,1.1095806780127352e18,1.6643710170191027e18,2.2191613560254705e18,2.773951695031838e18,3.3287420340382054e18,3.883532373044573e18,4.438322712050941e18,4.993113051057309e18,5.547903390063676e18],"times":[22329146.0,26270877.0,25998962.0,18653921.0,17481090.0,17135072.0,17175319.0,17109873.0,17261426.0,17191008.0]}