{"sampling_mode":"Linear","iters":[5.525826023635029e17,1.1051652047270058e18,1.6577478070905088e18,2.2103304094540116e18,2.7629130118175145e18,3.3154956141810176e18,3.86807821654452e18,4.4206608189080233e18,4.973243421271526e18,5.525826023635029e18],"times":[42244793.0,41396902.0,30431588.0,32266333.0,39797550.0,29431076.0,33069965.0,43790971.0,30032036.0,32276228.0]}