{"sampling_mode":"Linear","iters":[5.583113569729877e17,1.1166227139459754e18,1.6749340709189632e18,2.2332454278919508e18,2.7915567848649385e18,3.3498681418379264e18,3.908179498810914e18,4.4664908557839017e18,5.02480221275689e18,5.583113569729877e18],"times":[20092280.0,16127186.0,15983084.0,16202507.0,16115149.0,16208753.0,16196306.0,16255454.0,16081506.0,16148405.0]}