{"sampling_mode":"Linear","iters":[5.5852615960441075e17,1.1170523192088215e18,1.675578478813232e18,2.234104638417643e18,2.792630798022054e18,3.351156957626464e18,3.909683117230875e18,4.468209276835286e18,5.026735436439696e18,5.585261596044108e18],"times":[12570635.0,8062503.0,10140742.0,10786982.0,8170195.0,8077072.0,8062663.0,7996805.0,8113315.0,8132975.0]}