{"sampling_mode":"Linear","iters":[5.577714985192526e17,1.1155429970385052e18,1.673314495557758e18,2.2310859940770104e18,2.788857492596263e18,3.346628991115516e18,3.9044004896347684e18,4.462171988154021e18,5.019943486673274e18,5.577714985192526e18],"times":[4695013.0,3094458.0,3082512.0,3066787.0,3057872.0,3058535.0,3055767.0,3056519.0,3052804.0,3054535.0]}