{"sampling_mode":"Linear","iters":[5.589796991038251e17,1.1179593982076502e18,1.6769390973114752e18,2.2359187964153004e18,2.7948984955191255e18,3.3538781946229504e18,3.912857893726776e18,4.4718375928306007e18,5.030817291934426e18,5.589796991038251e18],"times":[468042.0,470887.0,471287.0,989588.0,990766.0,999966.0,547016.0,1108108.0,1874511.0,1663918.0]}