{"sampling_mode":"Linear","iters":[5.577697377753133e17,1.1155394755506266e18,1.6733092133259397e18,2.231078951101253e18,2.7888486888765665e18,3.3466184266518794e18,3.904388164427193e18,4.462157902202506e18,5.019927639977819e18,5.577697377753133e18],"times":[8620433.0,7725935.0,7515190.0,7543689.0,5595878.0,5666981.0,5581195.0,5589744.0,6540523.0,5584275.0]}