{"sampling_mode":"Linear","iters":[5.585101658635199e17,1.1170203317270397e18,1.6755304975905597e18,2.2340406634540795e18,2.792550829317599e18,3.3510609951811195e18,3.909571161044639e18,4.468081326908159e18,5.026591492771679e18,5.585101658635198e18],"times":[17152545.0,16159550.0,16055712.0,16027365.0,16081933.0,16123270.0,16146063.0,16175275.0,16293446.0,16213562.0]}