{"sampling_mode":"Linear","iters":[1.7187712107443726e16,3.4375424214887452e16,5.1563136322331176e16,6.8750848429774904e16,8.593856053721862e16,1.0312627264466235e17,1.2031398475210608e17,1.3750169685954981e17,1.5468940896699354e17,1.7187712107443725e17],"times":[61481699.0,48422440.0,41323568.0,41384363.0,41135327.0,41471559.0,41376991.0,41494088.0,41222690.0,41499456.0]}