{"sampling_mode":"Linear","iters":[5.587769155032607e17,1.1175538310065213e18,1.676330746509782e18,2.2351076620130427e18,2.7938845775163034e18,3.352661493019564e18,3.9114384085228247e18,4.4702153240260854e18,5.028992239529346e18,5.587769155032607e18],"times":[6003315.0,5999695.0,7882894.0,6011673.0,5934049.0,6021711.0,5964857.0,6007739.0,6012542.0,5981489.0]}