{"mean":{"confidence_interval":{"confidence_level":0.95,"lower_bound":7.093907502256688e-7,"upper_bound":2.011547458138027e-6},"point_estimate":1.251740049153001e-6,"standard_error":3.433249501177515e-7},"median":{"confidence_interval":{"confidence_level":0.95,"lower_bound":5.949499591178273e-7,"upper_bound":1.5573794931506075e-6},"point_estimate":7.900469471809601e-7,"standard_error":2.5890854379599624e-7},"median_abs_dev":{"confidence_interval":{"confidence_level":0.95,"lower_bound":7.44435217831797e-8,"upper_bound":1.1838193909325365e-6},"point_estimate":3.486646987912074e-7,"standard_error":3.016543006965007e-7},"slope":{"confidence_interval":{"confidence_level":0.95,"lower_bound":5.385330761155136e-7,"upper_bound":8.58424821417036e-7},"point_estimate":6.483864515808798e-7,"standard_error":8.339836260078601e-8},"std_dev":{"confidence_interval":{"confidence_level":0.95,"lower_bound":2.3131656864042777e-7,"upper_bound":1.6759575826983958e-6},"point_estimate":1.143923044434685e-6,"standard_error":4.273756528819976e-7}}