{"sampling_mode":"Linear","iters":[5.583759532062911e17,1.1167519064125821e18,1.6751278596188733e18,2.2335038128251643e18,2.791879766031455e18,3.3502557192377467e18,3.9086316724440376e18,4.4670076256503286e18,5.02538357885662e18,5.58375953206291e18],"times":[1560942.0,2096098.0,1566339.0,1561002.0,1559376.0,1557955.0,1556565.0,1556936.0,1556632.0,1558139.0]}