{"mean":{"confidence_interval":{"confidence_level":0.95,"lower_bound":9.6919535241263e-13,"upper_bound":3.4591575145760813e-12},"point_estimate":1.9187843614713118e-12,"standard_error":6.991690106833894e-13},"median":{"confidence_interval":{"confidence_level":0.95,"lower_bound":7.9506059115394e-13,"upper_bound":1.8375068624442854e-12},"point_estimate":1.1938936962671851e-12,"standard_error":3.217046638161349e-13},"median_abs_dev":{"confidence_interval":{"confidence_level":0.95,"lower_bound":1.563186360930061e-13,"upper_bound":1.2624346873188852e-12},"point_estimate":6.350527157929422e-13,"standard_error":3.2543286874377307e-13},"slope":{"confidence_interval":{"confidence_level":0.95,"lower_bound":7.854366061467368e-13,"upper_bound":1.3823762142834792e-12},"point_estimate":1.0419954669566076e-12,"standard_error":1.5227440576038315e-13},"std_dev":{"confidence_interval":{"confidence_level":0.95,"lower_bound":3.316178963680594e-13,"upper_bound":3.5716800677058095e-12},"point_estimate":2.3321387994167487e-12,"standard_error":1.1072428801433475e-12}}