{"sampling_mode":"Linear","iters":[5.581581875758016e17,1.1163163751516032e18,1.6744745627274048e18,2.2326327503032064e18,2.790790937879008e18,3.3489491254548096e18,3.907107313030611e18,4.465265500606413e18,5.023423688182215e18,5.581581875758017e18],"times":[4688050.0,2398085.0,2383941.0,2370851.0,2375067.0,6153717.0,2657129.0,2457419.0,6660453.0,5079493.0]}