{"mean":{"confidence_interval":{"confidence_level":0.95,"lower_bound":9.892468122593478e-12,"upper_bound":3.036182537999226e-11},"point_estimate":1.879229181184911e-11,"standard_error":5.326822014375673e-12},"median":{"confidence_interval":{"confidence_level":0.95,"lower_bound":7.008952366426426e-12,"upper_bound":2.6222760802561712e-11},"point_estimate":1.1765520995913047e-11,"standard_error":5.2241598842594426e-12},"median_abs_dev":{"confidence_interval":{"confidence_level":0.95,"lower_bound":1.0688505368046444e-12,"upper_bound":2.2218982253818402e-11},"point_estimate":8.316631885073338e-12,"standard_error":6.032890583275481e-12},"slope":{"confidence_interval":{"confidence_level":0.95,"lower_bound":7.369394720833515e-12,"upper_bound":1.2467706997503628e-11},"point_estimate":8.820793207641938e-12,"standard_error":1.3401957895114806e-12},"std_dev":{"confidence_interval":{"confidence_level":0.95,"lower_bound":4.8611087260579795e-12,"upper_bound":2.510167896182625e-11},"point_estimate":1.7746834894756872e-11,"standard_error":5.730018112636808e-12}}