{"sampling_mode":"Linear","iters":[5.5624168865450157e17,1.1124833773090031e18,1.6687250659635046e18,2.2249667546180063e18,2.781208443272508e18,3.3374501319270093e18,3.893691820581511e18,4.4499335092360125e18,5.006175197890514e18,5.562416886545016e18],"times":[34411430.0,38849291.0,38938552.0,38990960.0,38848396.0,31915604.0,22141280.0,28058192.0,38783668.0,38986715.0]}