{"sampling_mode":"Linear","iters":[5.588785087828855e17,1.117757017565771e18,1.6766355263486566e18,2.235514035131542e18,2.7943925439144274e18,3.3532710526973133e18,3.9121495614801987e18,4.471028070263084e18,5.02990657904597e18,5.588785087828855e18],"times":[14744909.0,13396434.0,12972694.0,13386147.0,13353788.0,10762767.0,12585438.0,13193830.0,13038039.0,12991332.0]}