{"mean":{"confidence_interval":{"confidence_level":0.95,"lower_bound":143798371.35,"upper_bound":168408353.97375},"point_estimate":156753646.85,"standard_error":6344125.3048394015},"median":{"confidence_interval":{"confidence_level":0.95,"lower_bound":137904434.75,"upper_bound":173887398.75},"point_estimate":160456882.25,"standard_error":8690351.387324471},"median_abs_dev":{"confidence_interval":{"confidence_level":0.95,"lower_bound":2452705.166655779,"upper_bound":38757020.63907534},"point_estimate":16065962.958522141,"standard_error":8987132.331345974},"slope":null,"std_dev":{"confidence_interval":{"confidence_level":0.95,"lower_bound":9963201.22381078,"upper_bound":26316392.525506206},"point_estimate":21251820.265112005,"standard_error":4190762.29696662}}