{"sampling_mode":"Linear","iters":[5.581056322833284e17,1.1162112645666568e18,1.674316896849985e18,2.2324225291333135e18,2.790528161416642e18,3.34863379369997e18,3.9067394259832986e18,4.464845058266627e18,5.022950690549956e18,5.581056322833284e18],"times":[16782110.0,11174639.0,11114911.0,11241333.0,11140884.0,11207490.0,11270708.0,13746136.0,11189253.0,11142388.0]}