{"sampling_mode":"Linear","iters":[5.5863042215416774e17,1.1172608443083355e18,1.6758912664625032e18,2.234521688616671e18,2.7931521107708385e18,3.3517825329250063e18,3.910412955079174e18,4.469043377233342e18,5.02767379938751e18,5.586304221541677e18],"times":[13106407.0,11241695.0,12883076.0,11246811.0,11216924.0,12072407.0,12870261.0,12807737.0,11458608.0,12390939.0]}