{"sampling_mode":"Linear","iters":[5.584400081735957e17,1.1168800163471914e18,1.6753200245207872e18,2.2337600326943828e18,2.792200040867979e18,3.3506400490415744e18,3.90908005721517e18,4.4675200653887657e18,5.025960073562362e18,5.584400081735958e18],"times":[1547284.0,1575236.0,1995273.0,1549461.0,1548271.0,1547832.0,1547161.0,1550185.0,1547647.0,1546135.0]}