{"sampling_mode":"Linear","iters":[5.5850098904956717e17,1.1170019780991343e18,1.6755029671487014e18,2.2340039561982687e18,2.7925049452478356e18,3.351005934297403e18,3.90950692334697e18,4.4680079123965373e18,5.026508901446104e18,5.585009890495671e18],"times":[7055297.0,9195305.0,6609851.0,9556752.0,5141658.0,6714360.0,5454110.0,6848383.0,7170111.0,6346645.0]}