{"sampling_mode":"Linear","iters":[5.5758699810693786e17,1.1151739962138757e18,1.6727609943208136e18,2.2303479924277514e18,2.7879349905346893e18,3.345521988641627e18,3.903108986748565e18,4.460695984855503e18,5.01828298296244e18,5.575869981069379e18],"times":[24960704.0,24411028.0,23972737.0,23911894.0,23909790.0,25535478.0,21268521.0,22440093.0,21155307.0,21307986.0]}