{"mean":{"confidence_interval":{"confidence_level":0.95,"lower_bound":112383723.8,"upper_bound":129131441.73124999},"point_estimate":120379990.35,"standard_error":4320544.784230007},"median":{"confidence_interval":{"confidence_level":0.95,"lower_bound":107805389.5,"upper_bound":133697239.0},"point_estimate":115836067.0,"standard_error":8335729.643128409},"median_abs_dev":{"confidence_interval":{"confidence_level":0.95,"lower_bound":66831.15901350975,"upper_bound":24703826.8798694},"point_estimate":11959994.62326765,"standard_error":8749475.982633486},"slope":null,"std_dev":{"confidence_interval":{"confidence_level":0.95,"lower_bound":8420474.133539855,"upper_bound":17047532.711356968},"point_estimate":14417535.560075471,"standard_error":2225729.1950824824}}