{"sampling_mode":"Linear","iters":[5.550140203429816e17,1.1100280406859633e18,1.665042061028945e18,2.2200560813719265e18,2.775070101714908e18,3.33008412205789e18,3.8850981424008714e18,4.440112162743853e18,4.995126183086835e18,5.550140203429816e18],"times":[48748293.0,46645941.0,43151156.0,43083082.0,43093193.0,43102136.0,43058137.0,43372467.0,43083322.0,43091487.0]}