{"sampling_mode":"Linear","iters":[5.558683167838722e17,1.1117366335677444e18,1.6676049503516165e18,2.2234732671354888e18,2.779341583919361e18,3.335209900703233e18,3.8910782174871055e18,4.4469465342709775e18,5.00281485105485e18,5.558683167838722e18],"times":[18669499.0,18043083.0,17426818.0,19326385.0,17271630.0,20556988.0,17358921.0,17215249.0,17364029.0,17336961.0]}