{"sampling_mode":"Linear","iters":[5.5876698426710605e17,1.1175339685342121e18,1.6763009528013181e18,2.2350679370684242e18,2.7938349213355305e18,3.3526019056026363e18,3.911368889869742e18,4.4701358741368484e18,5.028902858403955e18,5.587669842671061e18],"times":[1795198.0,1775503.0,1782184.0,1778231.0,1849429.0,3402529.0,2485355.0,1792955.0,1792985.0,2518160.0]}