{"sampling_mode":"Linear","iters":[5.583349162165569e17,1.1166698324331139e18,1.6750047486496707e18,2.2333396648662277e18,2.791674581082785e18,3.3500094972993413e18,3.9083444135158984e18,4.4666793297324554e18,5.025014245949012e18,5.58334916216557e18],"times":[18536294.0,14157921.0,15974258.0,16218770.0,16189006.0,16385740.0,16084905.0,16155092.0,16013379.0,16109250.0]}