{"sampling_mode":"Linear","iters":[5.567389807765411e17,1.1134779615530822e18,1.6702169423296233e18,2.2269559231061645e18,2.7836949038827054e18,3.3404338846592466e18,3.897172865435788e18,4.453911846212329e18,5.01065082698887e18,5.567389807765411e18],"times":[38971363.0,39258927.0,38655695.0,32162886.0,32880413.0,32006600.0,32348885.0,32330195.0,33927840.0,34705769.0]}