{"sampling_mode":"Linear","iters":[5.577434635499839e17,1.1154869270999677e18,1.6732303906499517e18,2.2309738541999355e18,2.788717317749919e18,3.3464607812999035e18,3.904204244849887e18,4.461947708399871e18,5.019691171949855e18,5.577434635499838e18],"times":[17223623.0,14210143.0,13743224.0,13703486.0,13268811.0,13775123.0,13751231.0,13752015.0,13734570.0,13765555.0]}