{"sampling_mode":"Linear","iters":[5.522577133054507e17,1.1045154266109014e18,1.656773139916352e18,2.2090308532218028e18,2.7612885665272535e18,3.313546279832704e18,3.865803993138155e18,4.4180617064436055e18,4.970319419749057e18,5.522577133054507e18],"times":[46156466.0,50912282.0,43890164.0,31366712.0,33678829.0,29199112.0,25750664.0,35446125.0,37259892.0,28884407.0]}