{"sampling_mode":"Linear","iters":[5.587751525020076e17,1.1175503050040152e18,1.676325457506023e18,2.2351006100080305e18,2.793875762510038e18,3.352650915012046e18,3.911426067514053e18,4.470201220016061e18,5.028976372518068e18,5.587751525020076e18],"times":[4465845.0,4661288.0,4917433.0,4441851.0,6988402.0,4959563.0,4431277.0,4430011.0,4429379.0,4429305.0]}