{"sampling_mode":"Linear","iters":[5.5320882314707117e17,1.1064176462941423e18,1.6596264694412134e18,2.2128352925882847e18,2.766044115735356e18,3.319252938882427e18,3.8724617620294984e18,4.4256705851765693e18,4.97887940832364e18,5.532088231470712e18],"times":[44567508.0,34915132.0,34598928.0,25787132.0,23062617.0,23042659.0,26123068.0,27105319.0,26812571.0,31102503.0]}