{"mean":{"confidence_interval":{"confidence_level":0.95,"lower_bound":685635.9485291005,"upper_bound":2169026.3411164023},"point_estimate":1304347.437005291,"standard_error":390322.10464498436},"median":{"confidence_interval":{"confidence_level":0.95,"lower_bound":537702.9865740741,"upper_bound":1667566.3291666666},"point_estimate":795894.0727777777,"standard_error":282912.01308986096},"median_abs_dev":{"confidence_interval":{"confidence_level":0.95,"lower_bound":78376.07371882434,"upper_bound":1385127.1687268547},"point_estimate":409378.69393018633,"standard_error":339826.4462581248},"slope":{"confidence_interval":{"confidence_level":0.95,"lower_bound":531124.6964967498,"upper_bound":844083.0311471629},"point_estimate":622878.8702164502,"standard_error":81759.79883309499},"std_dev":{"confidence_interval":{"confidence_level":0.95,"lower_bound":214668.95526751335,"upper_bound":1894357.0361737788},"point_estimate":1302949.0926014546,"standard_error":483194.59914371953}}