{"sampling_mode":"Linear","iters":[5.581258658762655e17,1.116251731752531e18,1.6743775976287964e18,2.232503463505062e18,2.7906293293813274e18,3.348755195257593e18,3.9068810611338583e18,4.465006927010124e18,5.023132792886389e18,5.581258658762655e18],"times":[12553034.0,9115019.0,17437234.0,11434128.0,15338642.0,9158154.0,9098892.0,11228743.0,9061529.0,9006890.0]}