{"sampling_mode":"Linear","iters":[5.58489200775638e17,1.116978401551276e18,1.675467602326914e18,2.233956803102552e18,2.79244600387819e18,3.350935204653828e18,3.909424405429466e18,4.467913606205104e18,5.026402806980742e18,5.58489200775638e18],"times":[3161279.0,5954691.0,3171994.0,3210882.0,3104727.0,3199231.0,3192146.0,3231819.0,3161050.0,3136518.0]}