{"mean":{"confidence_interval":{"confidence_level":0.95,"lower_bound":1560571.4565712365,"upper_bound":4535002.829211022},"point_estimate":2809643.0311290324,"standard_error":783266.1018778876},"median":{"confidence_interval":{"confidence_level":0.95,"lower_bound":1188905.7580645161,"upper_bound":3496371.4637096776},"point_estimate":1815591.3688172041,"standard_error":622086.8026723257},"median_abs_dev":{"confidence_interval":{"confidence_level":0.95,"lower_bound":186888.99620463784,"upper_bound":2740123.563848244},"point_estimate":964779.0569914251,"standard_error":696839.6071831341},"slope":{"confidence_interval":{"confidence_level":0.95,"lower_bound":1174335.7888427943,"upper_bound":1916677.30475382},"point_estimate":1396137.6141600334,"standard_error":193751.99182142774},"std_dev":{"confidence_interval":{"confidence_level":0.95,"lower_bound":546667.1139909319,"upper_bound":3805569.3113924866},"point_estimate":2606689.444225744,"standard_error":956672.4154245273}}