{"sampling_mode":"Linear","iters":[5.555701315416756e17,1.1111402630833512e18,1.6667103946250268e18,2.2222805261667023e18,2.777850657708378e18,3.3334207892500536e18,3.888990920791729e18,4.4445610523334047e18,5.00013118387508e18,5.555701315416756e18],"times":[10370973.0,9083611.0,10274426.0,10183760.0,8847417.0,10226587.0,6532339.0,4292682.0,5403574.0,9323538.0]}