{"sampling_mode":"Linear","iters":[3.491231325843214e16,6.982462651686428e16,1.0473693977529642e17,1.3964925303372856e17,1.745615662921607e17,2.0947387955059283e17,2.44386192809025e17,2.7929850606745712e17,3.142108193258893e17,3.491231325843214e17],"times":[45231192.0,52338600.0,42460943.0,40842938.0,38714321.0,41725799.0,42460014.0,40049997.0,60870777.0,41720496.0]}