{"mean":{"confidence_interval":{"confidence_level":0.95,"lower_bound":1.5507696320952841e-12,"upper_bound":4.64132654701151e-12},"point_estimate":2.8443429963607435e-12,"standard_error":8.101347852364917e-13},"median":{"confidence_interval":{"confidence_level":0.95,"lower_bound":1.2071329345450893e-12,"upper_bound":3.6297331411765075e-12},"point_estimate":1.7804030498396991e-12,"standard_error":6.333285958956785e-13},"median_abs_dev":{"confidence_interval":{"confidence_level":0.95,"lower_bound":2.2136932404975243e-13,"upper_bound":2.7885542098853603e-12},"point_estimate":9.92180556246551e-13,"standard_error":7.263909926887467e-13},"slope":{"confidence_interval":{"confidence_level":0.95,"lower_bound":1.1667927663397565e-12,"upper_bound":1.9028539995712373e-12},"point_estimate":1.3829732550770453e-12,"standard_error":1.9307024994783037e-13},"std_dev":{"confidence_interval":{"confidence_level":0.95,"lower_bound":5.881151277553329e-13,"upper_bound":3.947807382769605e-12},"point_estimate":2.708722349390148e-12,"standard_error":9.911430777210552e-13}}