{"sampling_mode":"Linear","iters":[5.541382236017638e17,1.1082764472035276e18,1.6624146708052913e18,2.216552894407055e18,2.7706911180088187e18,3.3248293416105825e18,3.8789675652123464e18,4.43310578881411e18,4.987244012415874e18,5.541382236017637e18],"times":[5412484.0,5365577.0,5362605.0,5359837.0,5373488.0,5390887.0,5346325.0,5351348.0,5384540.0,5346848.0]}