{"sampling_mode":"Linear","iters":[5.5881620786623974e17,1.1176324157324795e18,1.6764486235987192e18,2.235264831464959e18,2.794081039331199e18,3.3528972471974385e18,3.911713455063678e18,4.470529662929918e18,5.029345870796158e18,5.588162078662398e18],"times":[16046291.0,17268361.0,13956752.0,9536444.0,17540893.0,15275841.0,12145598.0,13053511.0,12235415.0,13410869.0]}