{"sampling_mode":"Linear","iters":[5.589382340836802e17,1.1178764681673604e18,1.6768147022510405e18,2.2357529363347208e18,2.794691170418401e18,3.353629404502081e18,3.9125676385857613e18,4.4715058726694415e18,5.030444106753121e18,5.589382340836802e18],"times":[471927.0,470066.0,470319.0,470650.0,470112.0,507118.0,1594883.0,571287.0,474225.0,470706.0]}