{"mean":{"confidence_interval":{"confidence_level":0.95,"lower_bound":599384.8522337851,"upper_bound":1689873.6308931985},"point_estimate":1068782.9479994525,"standard_error":285435.25562479487},"median":{"confidence_interval":{"confidence_level":0.95,"lower_bound":424252.11685823754,"upper_bound":1432368.8599137932},"point_estimate":656352.5201149425,"standard_error":260729.04723704906},"median_abs_dev":{"confidence_interval":{"confidence_level":0.95,"lower_bound":52862.102771567574,"upper_bound":1144462.2310573086},"point_estimate":422942.54426342394,"standard_error":290623.73427622253},"slope":{"confidence_interval":{"confidence_level":0.95,"lower_bound":433995.3170762685,"upper_bound":744397.9405251503},"point_estimate":527154.1331392745,"standard_error":80961.82383531405},"std_dev":{"confidence_interval":{"confidence_level":0.95,"lower_bound":264898.67385408643,"upper_bound":1364730.4602827395},"point_estimate":951726.2729639766,"standard_error":320033.6060282914}}