{"sampling_mode":"Linear","iters":[5.576720939064396e17,1.1153441878128792e18,1.6730162817193188e18,2.2306883756257585e18,2.788360469532198e18,3.3460325634386376e18,3.903704657345077e18,4.461376751251517e18,5.019048845157957e18,5.576720939064396e18],"times":[33959910.0,31766999.0,33717241.0,28312135.0,26643786.0,26594695.0,24465132.0,24067317.0,29263570.0,24359629.0]}