{"sampling_mode":"Linear","iters":[5.587169681599546e17,1.1174339363199092e18,1.6761509044798638e18,2.2348678726398185e18,2.793584840799773e18,3.3523018089597276e18,3.9110187771196826e18,4.469735745279637e18,5.028452713439591e18,5.587169681599546e18],"times":[18178545.0,16767901.0,16751416.0,16908054.0,16752283.0,16690346.0,16830832.0,16939858.0,16913985.0,16682495.0]}