{"sampling_mode":"Linear","iters":[1.7405952277628038e16,3.4811904555256076e16,5.221785683288411e16,6.962380911051215e16,8.70297613881402e16,1.0443571366576822e17,1.2184166594339627e17,1.392476182210243e17,1.5665357049865235e17,1.740595227762804e17],"times":[33928996.0,33985162.0,33989406.0,33962072.0,35279508.0,33983988.0,35384682.0,36879700.0,57260026.0,41227395.0]}