{"sampling_mode":"Linear","iters":[5.577537212855423e17,1.1155074425710845e18,1.6732611638566267e18,2.231014885142169e18,2.7887686064277115e18,3.3465223277132534e18,3.904276048998796e18,4.462029770284338e18,5.01978349156988e18,5.577537212855423e18],"times":[18172177.0,12686362.0,11887082.0,16728192.0,17691867.0,18921369.0,14782395.0,11815072.0,11832120.0,18072848.0]}