{"sampling_mode":"Linear","iters":[5.58907452249377e17,1.117814904498754e18,1.676722356748131e18,2.235629808997508e18,2.794537261246885e18,3.353444713496262e18,3.9123521657456394e18,4.471259617995016e18,5.030167070244393e18,5.58907452249377e18],"times":[1243474.0,1246958.0,1236938.0,1233809.0,1238087.0,1238962.0,1256292.0,3713445.0,3755251.0,2555413.0]}