{"sampling_mode":"Linear","iters":[5.580196972384347e17,1.1160393944768694e18,1.674059091715304e18,2.2320787889537388e18,2.7900984861921736e18,3.348118183430608e18,3.9061378806690427e18,4.4641575779074775e18,5.022177275145912e18,5.580196972384347e18],"times":[2450499.0,2451768.0,2445657.0,2442498.0,2452640.0,2441562.0,2450275.0,2440353.0,2448753.0,2438608.0]}