{"sampling_mode":"Linear","iters":[5.574124938006513e17,1.1148249876013027e18,1.672237481401954e18,2.2296499752026053e18,2.787062469003257e18,3.344474962803908e18,3.9018874566045594e18,4.4592999504052106e18,5.016712444205862e18,5.574124938006514e18],"times":[34907420.0,30840932.0,30673384.0,31715756.0,30845367.0,30834148.0,31250652.0,31339277.0,30906093.0,33264205.0]}