{"sampling_mode":"Linear","iters":[5.5834987949976384e17,1.1166997589995277e18,1.6750496384992916e18,2.2333995179990554e18,2.791749397498819e18,3.3500992769985833e18,3.908449156498347e18,4.4667990359981107e18,5.025148915497874e18,5.583498794997638e18],"times":[4276854.0,4248786.0,4222992.0,4236005.0,4220891.0,4220193.0,4223054.0,4228895.0,4233904.0,4226263.0]}