{"sampling_mode":"Linear","iters":[5.5498667825635104e17,1.1099733565127021e18,1.6649600347690532e18,2.2199467130254042e18,2.774933391281755e18,3.3299200695381064e18,3.884906747794457e18,4.4398934260508083e18,4.994880104307159e18,5.54986678256351e18],"times":[10321298.0,10068373.0,11642314.0,11062005.0,10746201.0,12190301.0,9915532.0,9791531.0,9916777.0,9942821.0]}