{"sampling_mode":"Linear","iters":[5.570404282873473e17,1.1140808565746947e18,1.671121284862042e18,2.2281617131493893e18,2.7852021414367365e18,3.342242569724084e18,3.8992829980114314e18,4.4563234262987786e18,5.013363854586126e18,5.570404282873473e18],"times":[15311434.0,12351297.0,12846701.0,10795229.0,11721646.0,11063138.0,10898952.0,11276357.0,8669557.0,12004310.0]}