{"mean":{"confidence_interval":{"confidence_level":0.95,"lower_bound":5.918547164102918e-12,"upper_bound":1.7958817545034605e-11},"point_estimate":1.0907441465273684e-11,"standard_error":3.1806620079547365e-12},"median":{"confidence_interval":{"confidence_level":0.95,"lower_bound":4.594660999779136e-12,"upper_bound":1.3813547720905272e-11},"point_estimate":6.745304060545506e-12,"standard_error":2.4769168017864287e-12},"median_abs_dev":{"confidence_interval":{"confidence_level":0.95,"lower_bound":8.675375647744669e-13,"upper_bound":1.1013282804812408e-11},"point_estimate":3.78655327483755e-12,"standard_error":2.812821278062252e-12},"slope":{"confidence_interval":{"confidence_level":0.95,"lower_bound":4.4364450674473435e-12,"upper_bound":7.289415309920345e-12},"point_estimate":5.256871742937759e-12,"standard_error":7.396646554344954e-13},"std_dev":{"confidence_interval":{"confidence_level":0.95,"lower_bound":2.183277450509052e-12,"upper_bound":1.548198417930448e-11},"point_estimate":1.057275713174001e-11,"standard_error":3.93453424746335e-12}}