{"sampling_mode":"Linear","iters":[5.578396861320578e17,1.1156793722641156e18,1.6735190583961733e18,2.2313587445282312e18,2.789198430660289e18,3.3470381167923466e18,3.9048778029244047e18,4.4627174890564623e18,5.02055717518852e18,5.578396861320578e18],"times":[21244915.0,20565788.0,20521252.0,20514385.0,20529628.0,20518026.0,20523943.0,20504674.0,20512408.0,20493855.0]}