{"mean":{"confidence_interval":{"confidence_level":0.95,"lower_bound":58347.86176075268,"upper_bound":166391.24793466774},"point_estimate":104457.7331077189,"standard_error":28238.388679926567},"median":{"confidence_interval":{"confidence_level":0.95,"lower_bound":42212.2933467742,"upper_bound":137473.97883064515},"point_estimate":70892.47970430108,"standard_error":24739.74721726038},"median_abs_dev":{"confidence_interval":{"confidence_level":0.95,"lower_bound":4858.729605030631,"upper_bound":111508.20125581756},"point_estimate":43535.88100726506,"standard_error":29033.075240862767},"slope":{"confidence_interval":{"confidence_level":0.95,"lower_bound":44243.80688705156,"upper_bound":71280.94907590972},"point_estimate":52019.92172182656,"standard_error":7138.340379875612},"std_dev":{"confidence_interval":{"confidence_level":0.95,"lower_bound":20954.89388395971,"upper_bound":133890.41145440566},"point_estimate":93716.7500446965,"standard_error":31683.84235192409}}