{"sampling_mode":"Linear","iters":[6.9850647728652744e16,1.3970129545730549e17,2.0955194318595824e17,2.7940259091461098e17,3.4925323864326374e17,4.191038863719165e17,4.889545341005692e17,5.5880518182922195e17,6.286558295578747e17,6.985064772865275e17],"times":[47396125.0,48014571.0,49208422.0,56781250.0,54773377.0,46935684.0,46878248.0,46878156.0,46839157.0,46851566.0]}