{"sampling_mode":"Linear","iters":[5.57344594699784e17,1.114689189399568e18,1.672033784099352e18,2.229378378799136e18,2.78672297349892e18,3.344067568198704e18,3.901412162898488e18,4.458756757598272e18,5.016101352298056e18,5.57344594699784e18],"times":[36633786.0,33668060.0,33030846.0,33523856.0,33363124.0,33852406.0,37415344.0,50400117.0,46412674.0,32673297.0]}