{"sampling_mode":"Linear","iters":[5.582698752606608e17,1.1165397505213216e18,1.6748096257819825e18,2.2330795010426432e18,2.791349376303304e18,3.349619251563965e18,3.9078891268246257e18,4.4661590020852864e18,5.024428877345948e18,5.582698752606608e18],"times":[4464414.0,8245911.0,8778226.0,5892794.0,8139969.0,8109359.0,8084043.0,8150463.0,8666539.0,6840191.0]}