{"sampling_mode":"Linear","iters":[5.586441023086739e17,1.1172882046173478e18,1.6759323069260216e18,2.2345764092346957e18,2.7932205115433697e18,3.3518646138520433e18,3.9105087161607173e18,4.4691528184693914e18,5.027796920778065e18,5.586441023086739e18],"times":[13711416.0,12689623.0,12872550.0,12720250.0,12583132.0,12960629.0,12649342.0,12726924.0,12740603.0,12644119.0]}