{"sampling_mode":"Linear","iters":[5.587964505772642e17,1.1175929011545284e18,1.6763893517317926e18,2.2351858023090568e18,2.793982252886321e18,3.3527787034635853e18,3.9115751540408494e18,4.4703716046181135e18,5.029168055195378e18,5.587964505772642e18],"times":[4675384.0,4479023.0,4548999.0,4522155.0,4583927.0,4852436.0,4416915.0,4608173.0,4551531.0,4720615.0]}