{"sampling_mode":"Linear","iters":[5.524769777643356e17,1.1049539555286712e18,1.6574309332930068e18,2.2099079110573425e18,2.762384888821678e18,3.3148618665860137e18,3.8673388443503493e18,4.419815822114685e18,4.972292799879021e18,5.524769777643356e18],"times":[38298647.0,36337373.0,36209308.0,36336795.0,36224025.0,36304706.0,36204580.0,36320528.0,36194184.0,36412462.0]}