{"sampling_mode":"Linear","iters":[5.524162051813946e17,1.1048324103627892e18,1.6572486155441838e18,2.2096648207255785e18,2.762081025906973e18,3.3144972310883676e18,3.8669134362697626e18,4.419329641451157e18,4.971745846632551e18,5.524162051813946e18],"times":[16057432.0,14472599.0,12911948.0,10360334.0,9638576.0,11555098.0,10217373.0,10049098.0,11340927.0,10282669.0]}