{"sampling_mode":"Linear","iters":[5.575427200049739e17,1.1150854400099478e18,1.6726281600149217e18,2.2301708800198956e18,2.7877136000248694e18,3.3452563200298435e18,3.902799040034817e18,4.460341760039791e18,5.017884480044765e18,5.575427200049739e18],"times":[7475563.0,7580797.0,5623065.0,7439110.0,5542997.0,7821239.0,5856624.0,7811922.0,7710729.0,7735051.0]}