{"sampling_mode":"Linear","iters":[5.586554776388015e17,1.117310955277603e18,1.6759664329164045e18,2.234621910555206e18,2.7932773881940076e18,3.351932865832809e18,3.9105883434716104e18,4.469243821110412e18,5.027899298749214e18,5.586554776388015e18],"times":[26508524.0,27051442.0,47244217.0,40516607.0,27520417.0,32320623.0,27293243.0,30942627.0,28571685.0,31180187.0]}