{"mean":{"confidence_interval":{"confidence_level":0.95,"lower_bound":2.0952953926677886e-12,"upper_bound":9.751965278236565e-12},"point_estimate":4.973712320986421e-12,"standard_error":2.1730739847742186e-12},"median":{"confidence_interval":{"confidence_level":0.95,"lower_bound":1.7258650514099467e-12,"upper_bound":4.620452299334595e-12},"point_estimate":2.303313672555976e-12,"standard_error":8.974698821458019e-13},"median_abs_dev":{"confidence_interval":{"confidence_level":0.95,"lower_bound":2.840394185215887e-13,"upper_bound":3.4553300518945554e-12},"point_estimate":1.0970397878300465e-12,"standard_error":1.0153416151091091e-12},"slope":{"confidence_interval":{"confidence_level":0.95,"lower_bound":1.7025540436863695e-12,"upper_bound":2.621076208145803e-12},"point_estimate":2.0261462238705992e-12,"standard_error":2.3937081726708946e-13},"std_dev":{"confidence_interval":{"confidence_level":0.95,"lower_bound":6.398646607517009e-13,"upper_bound":1.107316728105923e-11},"point_estimate":7.232126083103138e-12,"standard_error":3.5045413739319522e-12}}