{"sampling_mode":"Linear","iters":[5.567163509153278e17,1.1134327018306556e18,1.6701490527459835e18,2.2268654036613112e18,2.783581754576639e18,3.340298105491967e18,3.8970144564072945e18,4.4537308073226225e18,5.01044715823795e18,5.567163509153278e18],"times":[51030253.0,39478804.0,36649315.0,36942570.0,36977766.0,36978015.0,36636404.0,36454718.0,36604957.0,36693920.0]}