{"sampling_mode":"Linear","iters":[6.893089718387844e16,1.3786179436775688e17,2.0679269155163533e17,2.7572358873551376e17,3.446544859193922e17,4.1358538310327066e17,4.8251628028714906e17,5.514471774710275e17,6.20378074654906e17,6.893089718387844e17],"times":[63527083.0,44103438.0,49572755.0,54121607.0,49537224.0,49004003.0,42093291.0,39778338.0,42619735.0,42114585.0]}