{"sampling_mode":"Linear","iters":[5.5253543982850323e17,1.1050708796570065e18,1.6576063194855096e18,2.210141759314013e18,2.762677199142516e18,3.3152126389710193e18,3.867748078799523e18,4.420283518628026e18,4.972818958456529e18,5.525354398285032e18],"times":[15249944.0,10188431.0,6681704.0,6604299.0,6606020.0,6603436.0,6596906.0,6589455.0,6628829.0,6595256.0]}