{"sampling_mode":"Linear","iters":[5.562890023830456e17,1.1125780047660913e18,1.668867007149137e18,2.2251560095321825e18,2.781445011915228e18,3.337734014298274e18,3.8940230166813194e18,4.450312019064365e18,5.006601021447411e18,5.562890023830456e18],"times":[31351610.0,32965527.0,22999887.0,32411139.0,31234674.0,32373731.0,20854928.0,21889373.0,21272451.0,32704009.0]}