{"sampling_mode":"Linear","iters":[5.579557004095917e17,1.1159114008191834e18,1.673867101228775e18,2.2318228016383667e18,2.7897785020479585e18,3.34773420245755e18,3.9056899028671416e18,4.4636456032767334e18,5.021601303686325e18,5.579557004095917e18],"times":[25640830.0,25629055.0,20336101.0,19986886.0,19726832.0,20707228.0,30197162.0,21803990.0,20516208.0,19754282.0]}