{"sampling_mode":"Linear","iters":[5.587597992775929e17,1.1175195985551858e18,1.6762793978327788e18,2.2350391971103716e18,2.7937989963879644e18,3.3525587956655575e18,3.91131859494315e18,4.470078394220743e18,5.028838193498336e18,5.587597992775929e18],"times":[17303387.0,16160906.0,16010232.0,16086088.0,16065069.0,16144669.0,16154340.0,16373412.0,16046101.0,16080417.0]}