{"sampling_mode":"Linear","iters":[5.5845724447917824e17,1.1169144889583565e18,1.6753717334375347e18,2.233828977916713e18,2.792286222395891e18,3.3507434668750694e18,3.9092007113542477e18,4.467657955833426e18,5.026115200312605e18,5.584572444791782e18],"times":[2183169.0,5511132.0,4287781.0,4405950.0,4329282.0,4293522.0,4283808.0,4256213.0,4270122.0,4294357.0]}