{"sampling_mode":"Linear","iters":[5.5893171421632134e17,1.1178634284326427e18,1.676795142648964e18,2.2357268568652854e18,2.7946585710816067e18,3.353590285297928e18,3.912521999514249e18,4.471453713730571e18,5.030385427946892e18,5.589317142163213e18],"times":[1825865.0,2451991.0,2024084.0,1819550.0,1823376.0,1820180.0,1824880.0,1824896.0,1825426.0,1820833.0]}