{"sampling_mode":"Linear","iters":[5.579084568966434e17,1.1158169137932868e18,1.6737253706899302e18,2.2316338275865736e18,2.789542284483217e18,3.3474507413798605e18,3.9053591982765036e18,4.463267655173147e18,5.021176112069791e18,5.579084568966434e18],"times":[28635160.0,20675773.0,23393664.0,37016886.0,27919711.0,27812463.0,19699284.0,19561139.0,19780968.0,19719807.0]}