{"sampling_mode":"Linear","iters":[5.586510567185232e17,1.1173021134370464e18,1.6759531701555697e18,2.2346042268740928e18,2.793255283592616e18,3.3519063403111393e18,3.910557397029662e18,4.4692084537481856e18,5.027859510466708e18,5.586510567185232e18],"times":[16048592.0,14169958.0,13458792.0,13774231.0,7489712.0,10788439.0,6968606.0,9112850.0,13287513.0,13639682.0]}