{"sampling_mode":"Linear","iters":[5.5851973435617446e17,1.1170394687123489e18,1.6755592030685235e18,2.2340789374246979e18,2.792598671780872e18,3.351118406137047e18,3.9096381404932214e18,4.4681578748493957e18,5.026677609205571e18,5.585197343561744e18],"times":[5535377.0,2399642.0,2377522.0,2367651.0,2368058.0,5025354.0,4556108.0,4222157.0,2784926.0,4002348.0]}