{"mean":{"confidence_interval":{"confidence_level":0.95,"lower_bound":7.754088412937192e-13,"upper_bound":2.1584523373814576e-12},"point_estimate":1.3631227316875365e-12,"standard_error":3.6194797199612726e-13},"median":{"confidence_interval":{"confidence_level":0.95,"lower_bound":5.520434481408724e-13,"upper_bound":1.8121077604572076e-12},"point_estimate":1.0265351069999042e-12,"standard_error":3.458795306097701e-13},"median_abs_dev":{"confidence_interval":{"confidence_level":0.95,"lower_bound":1.0428670059769815e-13,"upper_bound":1.3260321275238993e-12},"point_estimate":6.638409743356739e-13,"standard_error":3.7411777897310525e-13},"slope":{"confidence_interval":{"confidence_level":0.95,"lower_bound":5.398292259697457e-13,"upper_bound":9.884180295819859e-13},"point_estimate":6.706448614955059e-13,"standard_error":1.16874667957686e-13},"std_dev":{"confidence_interval":{"confidence_level":0.95,"lower_bound":3.6762857394593785e-13,"upper_bound":1.752663279562032e-12},"point_estimate":1.2078232195755806e-12,"standard_error":4.2024499201775903e-13}}