{"sampling_mode":"Linear","iters":[5.5767573527408966e17,1.1153514705481793e18,1.673027205822269e18,2.2307029410963587e18,2.7883786763704484e18,3.346054411644538e18,3.903730146918628e18,4.4614058821927173e18,5.019081617466807e18,5.576757352740897e18],"times":[11432531.0,10434070.0,10296941.0,10278182.0,13905609.0,12999860.0,10372807.0,10938811.0,14600421.0,18065846.0]}