{"sampling_mode":"Linear","iters":[5.570362667680209e17,1.1140725335360419e18,1.6711088003040627e18,2.2281450670720837e18,2.7851813338401044e18,3.3422176006081254e18,3.8992538673761464e18,4.4562901341441674e18,5.013326400912188e18,5.570362667680209e18],"times":[50253816.0,48141029.0,37485298.0,36617180.0,36423214.0,36837019.0,36886778.0,36637130.0,37614568.0,36662685.0]}