{"mean":{"confidence_interval":{"confidence_level":0.95,"lower_bound":11127.997575971918,"upper_bound":39068.36405229734},"point_estimate":21987.597341390705,"standard_error":7676.579523665043},"median":{"confidence_interval":{"confidence_level":0.95,"lower_bound":8176.036675126904,"upper_bound":23132.454124365482},"point_estimate":13469.825900410926,"standard_error":3829.8636331164394},"median_abs_dev":{"confidence_interval":{"confidence_level":0.95,"lower_bound":1591.8456591502577,"upper_bound":16637.000759867693},"point_estimate":8447.014195560901,"standard_error":4406.266783624429},"slope":{"confidence_interval":{"confidence_level":0.95,"lower_bound":8274.354338739988,"upper_bound":14287.815579887658},"point_estimate":10156.430152284263,"standard_error":1541.6092841645846},"std_dev":{"confidence_interval":{"confidence_level":0.95,"lower_bound":3815.021734889415,"upper_bound":38815.47890124581},"point_estimate":25533.36402486747,"standard_error":11434.943726152713}}