{"sampling_mode":"Linear","iters":[5.549451058434467e17,1.1098902116868934e18,1.66483531753034e18,2.219780423373787e18,2.7747255292172334e18,3.32967063506068e18,3.884615740904127e18,4.439560846747574e18,4.99450595259102e18,5.549451058434467e18],"times":[44996794.0,43342802.0,54985319.0,64606202.0,51788854.0,37965477.0,33866003.0,33300912.0,31881544.0,33247469.0]}