{"sampling_mode":"Linear","iters":[5.5731898580330445e17,1.1146379716066089e18,1.6719569574099133e18,2.2292759432132178e18,2.786594929016522e18,3.3439139148198267e18,3.901232900623131e18,4.4585518864264356e18,5.015870872229741e18,5.573189858033044e18],"times":[4219127.0,3977326.0,3968763.0,3968739.0,3962365.0,3954429.0,3957536.0,3955584.0,3960357.0,3957024.0]}