{"sampling_mode":"Linear","iters":[5.588481369104753e17,1.1176962738209507e18,1.676544410731426e18,2.2353925476419013e18,2.794240684552377e18,3.353088821462852e18,3.9119369583733274e18,4.4707850952838026e18,5.029633232194278e18,5.588481369104754e18],"times":[2273419.0,1541762.0,1658632.0,2563707.0,1923148.0,2308654.0,2734439.0,1544001.0,1769514.0,1539270.0]}