{"sampling_mode":"Linear","iters":[5.5779259009408326e17,1.1155851801881665e18,1.6733777702822497e18,2.231170360376333e18,2.7889629504704164e18,3.3467555405644995e18,3.904548130658583e18,4.462340720752666e18,5.02013331084675e18,5.577925900940833e18],"times":[8492018.0,7422395.0,4870650.0,7748206.0,4863684.0,8286051.0,6972396.0,5887410.0,8779174.0,8383869.0]}