{"sampling_mode":"Linear","iters":[5.562251557770113e17,1.1124503115540227e18,1.668675467331034e18,2.2249006231080453e18,2.7811257788850565e18,3.337350934662068e18,3.8935760904390794e18,4.4498012462160906e18,5.006026401993102e18,5.562251557770113e18],"times":[19796769.0,11447902.0,15005267.0,12138252.0,12302306.0,11136551.0,17679838.0,12282934.0,11117808.0,19183354.0]}