{"sampling_mode":"Linear","iters":[5.5437487022314835e17,1.1087497404462967e18,1.663124610669445e18,2.2174994808925934e18,2.7718743511157417e18,3.32624922133889e18,3.8806240915620383e18,4.434998961785187e18,4.989373832008335e18,5.543748702231483e18],"times":[51237655.0,47122909.0,59820891.0,46065850.0,43462566.0,40239631.0,40186781.0,40683614.0,40523571.0,40339208.0]}