{"sampling_mode":"Linear","iters":[5.566549788036173e17,1.1133099576072346e18,1.6699649364108518e18,2.226619915214469e18,2.7832748940180864e18,3.3399298728217037e18,3.896584851625321e18,4.453239830428938e18,5.009894809232556e18,5.566549788036173e18],"times":[22928807.0,16094967.0,13937406.0,13927311.0,14698174.0,20818754.0,17361227.0,13910109.0,15080667.0,17762074.0]}