{"sampling_mode":"Linear","iters":[5.566857697030017e17,1.1133715394060035e18,1.6700573091090053e18,2.226743078812007e18,2.7834288485150085e18,3.3401146182180106e18,3.896800387921012e18,4.453486157624014e18,5.010171927327016e18,5.566857697030017e18],"times":[29113802.0,30556769.0,30279435.0,28000290.0,22613013.0,27926934.0,19696765.0,26891864.0,31435004.0,32941334.0]}