{"sampling_mode":"Linear","iters":[5.5838785160342675e17,1.1167757032068535e18,1.6751635548102802e18,2.233551406413707e18,2.7919392580171336e18,3.3503271096205604e18,3.908714961223987e18,4.467102812827414e18,5.025490664430841e18,5.583878516034267e18],"times":[4630192.0,4043386.0,1736559.0,1637805.0,3929205.0,1666023.0,1853537.0,4154819.0,1634310.0,3182638.0]}