{"sampling_mode":"Linear","iters":[5.5445072912512205e17,1.1089014582502441e18,1.6633521873753661e18,2.2178029165004882e18,2.77225364562561e18,3.3267043747507323e18,3.8811551038758543e18,4.4356058330009764e18,4.990056562126098e18,5.54450729125122e18],"times":[25918947.0,25459421.0,25745776.0,25440869.0,25773387.0,25693236.0,25549660.0,25423316.0,27067765.0,25589657.0]}