{"sampling_mode":"Linear","iters":[5.582233106548818e17,1.1164466213097636e18,1.6746699319646454e18,2.2328932426195272e18,2.791116553274409e18,3.349339863929291e18,3.9075631745841725e18,4.4657864852390543e18,5.024009795893936e18,5.582233106548818e18],"times":[6766434.0,5553056.0,7975739.0,4448515.0,6293948.0,4102924.0,5680094.0,7094544.0,4734424.0,3619621.0]}