{"sampling_mode":"Linear","iters":[5.555263034586571e17,1.1110526069173142e18,1.6665789103759713e18,2.2221052138346284e18,2.7776315172932854e18,3.3331578207519427e18,3.8886841242105994e18,4.4442104276692567e18,4.999736731127913e18,5.555263034586571e18],"times":[17848059.0,17633489.0,19399532.0,17576669.0,17563659.0,17626314.0,17642797.0,17547869.0,17529931.0,17768334.0]}