{"sampling_mode":"Linear","iters":[5.5519796384727866e17,1.1103959276945573e18,1.665593891541836e18,2.2207918553891146e18,2.7759898192363935e18,3.331187783083672e18,3.8863857469309507e18,4.441583710778229e18,4.996781674625508e18,5.551979638472787e18],"times":[4804909.0,7517258.0,4718577.0,4666018.0,4650599.0,4645735.0,4657029.0,4643006.0,4641745.0,4641833.0]}