{"sampling_mode":"Linear","iters":[5.5822682784919635e17,1.1164536556983927e18,1.674680483547589e18,2.2329073113967854e18,2.7911341392459817e18,3.349360967095178e18,3.9075877949443743e18,4.465814622793571e18,5.024041450642767e18,5.582268278491963e18],"times":[2612530.0,2629433.0,2622268.0,5270467.0,6648151.0,4956938.0,6122667.0,6706827.0,5481029.0,4853322.0]}