{"sampling_mode":"Linear","iters":[5.5893493612730586e17,1.1178698722546117e18,1.6768048083819177e18,2.2357397445092234e18,2.794674680636529e18,3.3536096167638354e18,3.912544552891141e18,4.471479489018447e18,5.030414425145753e18,5.589349361273058e18],"times":[7086586.0,7497454.0,7090510.0,7077333.0,8855773.0,9096697.0,7078947.0,7091831.0,7076100.0,7081533.0]}