{"sampling_mode":"Linear","iters":[5.588874337029857e17,1.1177748674059715e18,1.6766623011089572e18,2.235549734811943e18,2.7944371685149286e18,3.3533246022179144e18,3.9122120359209e18,4.471099469623886e18,5.029986903326872e18,5.588874337029857e18],"times":[4863254.0,5379143.0,4572976.0,4694675.0,3372259.0,2968504.0,2945798.0,3479234.0,4719049.0,4192217.0]}