{"mean":{"confidence_interval":{"confidence_level":0.95,"lower_bound":720629.8739952511,"upper_bound":1932658.4538555162},"point_estimate":1244474.4072612538,"standard_error":315167.8811242661},"median":{"confidence_interval":{"confidence_level":0.95,"lower_bound":548758.670309654,"upper_bound":1688918.405737705},"point_estimate":938682.8068306011,"standard_error":265267.91982152505},"median_abs_dev":{"confidence_interval":{"confidence_level":0.95,"lower_bound":118793.08321750397,"upper_bound":1305825.328494425},"point_estimate":578190.9864804131,"standard_error":305529.5093634053},"slope":{"confidence_interval":{"confidence_level":0.95,"lower_bound":528769.3229641794,"upper_bound":897085.112851288},"point_estimate":642367.4234192037,"standard_error":95642.3842480298},"std_dev":{"confidence_interval":{"confidence_level":0.95,"lower_bound":258781.0948997476,"upper_bound":1474469.3534027843},"point_estimate":1049064.083535265,"standard_error":339911.4197812555}}