{"sampling_mode":"Linear","iters":[5.575281888288345e17,1.115056377657669e18,1.6725845664865034e18,2.230112755315338e18,2.7876409441441725e18,3.345169132973007e18,3.9026973218018417e18,4.460225510630676e18,5.01775369945951e18,5.575281888288345e18],"times":[10531662.0,9337208.0,12666618.0,6149842.0,5894696.0,4885289.0,7578808.0,11956759.0,8681308.0,5633322.0]}