{"sampling_mode":"Linear","iters":[2149008509188105.0,4298017018376210.0,6447025527564315.0,8596034036752420.0,1.0745042545940524e16,1.289405105512863e16,1.5043059564316736e16,1.719206807350484e16,1.9341076582692944e16,2.149008509188105e16],"times":[57717721.0,40432058.0,40212678.0,39942601.0,40240409.0,40187790.0,40337462.0,40414631.0,39999208.0,40544367.0]}