{"sampling_mode":"Linear","iters":[5.570875615421691e17,1.1141751230843382e18,1.6712626846265073e18,2.2283502461686764e18,2.7854378077108454e18,3.3425253692530145e18,3.8996129307951836e18,4.4567004923373527e18,5.013788053879521e18,5.570875615421691e18],"times":[12205006.0,9447791.0,8248264.0,8397136.0,11028192.0,10944201.0,12266008.0,10423473.0,8629523.0,7858020.0]}