{"sampling_mode":"Linear","iters":[5.5877084232823866e17,1.1175416846564773e18,1.676312526984716e18,2.2350833693129546e18,2.7938542116411935e18,3.352625053969432e18,3.9113958962976707e18,4.470166738625909e18,5.028937580954148e18,5.587708423282387e18],"times":[1230595.0,1228366.0,1230494.0,1231995.0,1229386.0,1694549.0,1692653.0,1232758.0,1226227.0,480200.0]}