{"sampling_mode":"Linear","iters":[1.3871847355681773e17,2.7743694711363546e17,4.161554206704532e17,5.548738942272709e17,6.935923677840886e17,8.323108413409064e17,9.710293148977242e17,1.1097477884545418e18,1.2484662620113595e18,1.3871847355681772e18],"times":[40096314.0,26319700.0,26327137.0,26306174.0,26326652.0,26458372.0,26305376.0,26271355.0,26347597.0,26343621.0]}