{"sampling_mode":"Linear","iters":[5.58956886908389e17,1.117913773816778e18,1.676870660725167e18,2.235827547633556e18,2.794784434541945e18,3.353741321450334e18,3.912698208358723e18,4.471655095267112e18,5.030611982175501e18,5.58956886908389e18],"times":[3960895.0,2194600.0,2473065.0,2599436.0,2590986.0,3942824.0,1994067.0,1998091.0,1980071.0,2361469.0]}