{"sampling_mode":"Linear","iters":[2149785008198522.0,4299570016397044.0,6449355024595566.0,8599140032794088.0,1.074892504099261e16,1.2898710049191132e16,1.5048495057389654e16,1.7198280065588176e16,1.9348065073786696e16,2.149785008198522e16],"times":[9941473.0,18826698.0,9982424.0,9853089.0,9861423.0,9856880.0,9848776.0,9862471.0,9862138.0,9884056.0]}