{"sampling_mode":"Linear","iters":[1.3727502320548962e17,2.7455004641097923e17,4.1182506961646886e17,5.4910009282195846e17,6.86375116027448e17,8.236501392329377e17,9.609251624384273e17,1.0982001856439169e18,1.2354752088494065e18,1.372750232054896e18],"times":[58939886.0,40415436.0,40502663.0,40736653.0,40159659.0,40196753.0,40281597.0,40120820.0,40118006.0,40219944.0]}