{"sampling_mode":"Linear","iters":[5.571035087028858e17,1.1142070174057716e18,1.6713105261086574e18,2.2284140348115433e18,2.785517543514429e18,3.342621052217315e18,3.8997245609202007e18,4.4568280696230866e18,5.013931578325972e18,5.571035087028858e18],"times":[21315217.0,17339293.0,17810237.0,17434467.0,17424854.0,18064588.0,17343150.0,17742748.0,17351664.0,17432483.0]}