{"mean":{"confidence_interval":{"confidence_level":0.95,"lower_bound":9.659017774191733e-12,"upper_bound":2.91275212247202e-11},"point_estimate":1.778714307330668e-11,"standard_error":5.126289812613591e-12},"median":{"confidence_interval":{"confidence_level":0.95,"lower_bound":7.537083558109579e-12,"upper_bound":2.2629330683486165e-11},"point_estimate":1.1055977629699218e-11,"standard_error":3.995405451450486e-12},"median_abs_dev":{"confidence_interval":{"confidence_level":0.95,"lower_bound":1.4214451983434418e-12,"upper_bound":1.7578668652507082e-11},"point_estimate":6.218541736670443e-12,"standard_error":4.547064313824805e-12},"slope":{"confidence_interval":{"confidence_level":0.95,"lower_bound":7.273312377596228e-12,"upper_bound":1.1846911176356093e-11},"point_estimate":8.619191950641222e-12,"standard_error":1.2081528956167412e-12},"std_dev":{"confidence_interval":{"confidence_level":0.95,"lower_bound":3.6113902266821e-12,"upper_bound":2.4946192399134124e-11},"point_estimate":1.7064609965433065e-11,"standard_error":6.297177609091107e-12}}