{"sampling_mode":"Linear","iters":[5.5761171978490323e17,1.1152234395698065e18,1.6728351593547098e18,2.230446879139613e18,2.7880585989245164e18,3.3456703187094195e18,3.9032820384943227e18,4.460893758279226e18,5.018505478064129e18,5.576117197849033e18],"times":[34300804.0,33644102.0,33621339.0,33658836.0,33649952.0,33599370.0,33644065.0,33622129.0,33633654.0,33624982.0]}