{"sampling_mode":"Linear","iters":[5.52103795043205e17,1.10420759008641e18,1.6563113851296148e18,2.20841518017282e18,2.760518975216025e18,3.3126227702592297e18,3.864726565302435e18,4.41683036034564e18,4.968934155388845e18,5.52103795043205e18],"times":[38302740.0,38696075.0,35392625.0,35692855.0,35309035.0,35725592.0,35313203.0,36622570.0,35331804.0,38504281.0]}