{"mean":{"confidence_interval":{"confidence_level":0.95,"lower_bound":4.1414540597216015e-12,"upper_bound":1.3035295921546395e-11},"point_estimate":7.777531246587753e-12,"standard_error":2.3651560791920933e-12},"median":{"confidence_interval":{"confidence_level":0.95,"lower_bound":3.1816507009299064e-12,"upper_bound":9.541850321883566e-12},"point_estimate":4.851418110734177e-12,"standard_error":1.655232089303733e-12},"median_abs_dev":{"confidence_interval":{"confidence_level":0.95,"lower_bound":5.648542709622074e-13,"upper_bound":7.266546354140024e-12},"point_estimate":2.709904801859555e-12,"standard_error":1.8777795011079808e-12},"slope":{"confidence_interval":{"confidence_level":0.95,"lower_bound":3.0874918519204873e-12,"upper_bound":5.1036856785698574e-12},"point_estimate":3.680933960360553e-12,"standard_error":5.279570072266864e-13},"std_dev":{"confidence_interval":{"confidence_level":0.95,"lower_bound":1.5407982944791341e-12,"upper_bound":1.1650861578371776e-11},"point_estimate":7.87083356959505e-12,"standard_error":3.069150959134895e-12}}