{"sampling_mode":"Linear","iters":[5.5826799261177946e17,1.1165359852235589e18,1.6748039778353382e18,2.2330719704471178e18,2.7913399630588974e18,3.3496079556706765e18,3.907875948282456e18,4.4661439408942356e18,5.024411933506015e18,5.582679926117795e18],"times":[15839217.0,14144290.0,14084001.0,14326697.0,14278422.0,15366591.0,14176023.0,14209710.0,14397824.0,14138633.0]}