{"sampling_mode":"Linear","iters":[5.576266459984007e17,1.1152532919968014e18,1.672879937995202e18,2.2305065839936028e18,2.7881332299920036e18,3.345759875990404e18,3.903386521988805e18,4.4610131679872056e18,5.018639813985607e18,5.576266459984007e18],"times":[26421542.0,22665274.0,23082549.0,21484822.0,17464211.0,27461434.0,27709641.0,24781177.0,29046994.0,29998944.0]}