{"sampling_mode":"Linear","iters":[6.95212145894645e16,1.39042429178929e17,2.0856364376839347e17,2.78084858357858e17,3.476060729473225e17,4.1712728753678694e17,4.8664850212625146e17,5.56169716715716e17,6.256909313051804e17,6.95212145894645e17],"times":[48035089.0,49210720.0,75703623.0,68938475.0,65586814.0,65615812.0,65954669.0,66798669.0,67900679.0,66284248.0]}