{"sampling_mode":"Linear","iters":[5.568456327714282e17,1.1136912655428564e18,1.6705368983142845e18,2.227382531085713e18,2.784228163857141e18,3.341073796628569e18,3.8979194293999974e18,4.454765062171426e18,5.011610694942854e18,5.568456327714282e18],"times":[14521678.0,9985978.0,9708092.0,10715831.0,11451086.0,11832652.0,10067615.0,10915621.0,10536118.0,10097169.0]}