{"sampling_mode":"Linear","iters":[5.544298215123565e17,1.108859643024713e18,1.6632894645370696e18,2.217719286049426e18,2.7721491075617823e18,3.326578929074139e18,3.8810087505864955e18,4.435438572098852e18,4.989868393611209e18,5.544298215123565e18],"times":[2928006.0,2834275.0,2810951.0,2774471.0,2780400.0,2772119.0,2795197.0,2783811.0,2768862.0,2780580.0]}