{"sampling_mode":"Linear","iters":[5.559267019368617e17,1.1118534038737234e18,1.667780105810585e18,2.2237068077474468e18,2.7796335096843085e18,3.33556021162117e18,3.891486913558032e18,4.4474136154948936e18,5.003340317431755e18,5.559267019368617e18],"times":[5744912.0,5716808.0,5691704.0,5694136.0,5743866.0,5685920.0,5694576.0,5717077.0,14116155.0,9758216.0]}