{"sampling_mode":"Linear","iters":[5.585441323339302e17,1.1170882646678604e18,1.6756323970017905e18,2.2341765293357207e18,2.792720661669651e18,3.351264794003581e18,3.9098089263375114e18,4.4683530586714414e18,5.026897191005371e18,5.585441323339302e18],"times":[8661397.0,7970319.0,6865145.0,7582940.0,5333226.0,5281015.0,6551630.0,6213170.0,6813243.0,7332907.0]}