{"sampling_mode":"Linear","iters":[5.5778804664194285e17,1.1155760932838857e18,1.6733641399258286e18,2.2311521865677714e18,2.788940233209714e18,3.346728279851657e18,3.9045163264936e18,4.462304373135543e18,5.020092419777486e18,5.577880466419428e18],"times":[15011134.0,15892534.0,15255878.0,12552906.0,9067371.0,12478270.0,10434606.0,10089532.0,9509447.0,8978920.0]}