{"sampling_mode":"Linear","iters":[5.556519512874798e17,1.1113039025749596e18,1.6669558538624394e18,2.2226078051499192e18,2.778259756437399e18,3.333911707724879e18,3.8895636590123587e18,4.4452156102998385e18,5.000867561587319e18,5.556519512874798e18],"times":[8928024.0,5688001.0,14473282.0,10003389.0,7474128.0,5703701.0,5667737.0,5664270.0,5666592.0,5698268.0]}