{"sampling_mode":"Linear","iters":[5.5864833794778285e17,1.1172966758955657e18,1.6759450138433485e18,2.2345933517911314e18,2.7932416897389143e18,3.351890027686697e18,3.91053836563448e18,4.469186703582263e18,5.027835041530045e18,5.586483379477829e18],"times":[3305892.0,5777619.0,3281081.0,3292615.0,3295378.0,3343809.0,3348638.0,3289435.0,3268555.0,3301845.0]}