{"sampling_mode":"Linear","iters":[5.582912318554982e17,1.1165824637109964e18,1.6748736955664945e18,2.2331649274219927e18,2.7914561592774907e18,3.349747391132989e18,3.908038622988487e18,4.4663298548439854e18,5.024621086699483e18,5.582912318554981e18],"times":[7185538.0,4270817.0,4266173.0,4248963.0,4252129.0,4252075.0,4245531.0,4242853.0,4250879.0,4242622.0]}