{"sampling_mode":"Linear","iters":[5.5522150150779974e17,1.1104430030155995e18,1.6656645045233992e18,2.220886006031199e18,2.776107507538999e18,3.3313290090467983e18,3.8865505105545984e18,4.441772012062398e18,4.996993513570198e18,5.552215015077998e18],"times":[25784280.0,17309032.0,17420696.0,17343855.0,17361301.0,19562919.0,17254170.0,17296260.0,17263951.0,17261832.0]}