{"mean":{"confidence_interval":{"confidence_level":0.95,"lower_bound":129751.19269642858,"upper_bound":383131.0460526316},"point_estimate":241001.62278613198,"standard_error":65980.22314207247},"median":{"confidence_interval":{"confidence_level":0.95,"lower_bound":95067.63596491228,"upper_bound":379915.4210526316},"point_estimate":139067.15029239765,"standard_error":72180.49079411638},"median_abs_dev":{"confidence_interval":{"confidence_level":0.95,"lower_bound":14164.913610627775,"upper_bound":318774.4359230786},"point_estimate":72581.05886406019,"standard_error":80609.99501602775},"slope":{"confidence_interval":{"confidence_level":0.95,"lower_bound":95600.80998452012,"upper_bound":164657.91718356585},"point_estimate":114938.05577580315,"standard_error":18053.423641641464},"std_dev":{"confidence_interval":{"confidence_level":0.95,"lower_bound":44426.942468516456,"upper_bound":307849.1317917411},"point_estimate":220249.96327735807,"standard_error":66872.14404622326}}