{"sampling_mode":"Linear","iters":[5.551181465383754e17,1.1102362930767508e18,1.6653544396151263e18,2.2204725861535017e18,2.775590732691877e18,3.3307088792302525e18,3.885827025768628e18,4.4409451723070034e18,4.996063318845379e18,5.551181465383754e18],"times":[26424732.0,24065325.0,23992917.0,23995045.0,23975295.0,24060840.0,23973482.0,24191500.0,24000827.0,24012207.0]}