{"sampling_mode":"Linear","iters":[5.5830495766955334e17,1.1166099153391067e18,1.67491487300866e18,2.2332198306782134e18,2.791524788347767e18,3.34982974601732e18,3.9081347036868736e18,4.466439661356427e18,5.02474461902598e18,5.583049576695534e18],"times":[9762951.0,11528599.0,11633570.0,11497056.0,11562548.0,11620490.0,8018223.0,7789549.0,7745553.0,7780599.0]}