{"sampling_mode":"Linear","iters":[5.586571609753978e17,1.1173143219507956e18,1.6759714829261934e18,2.2346286439015913e18,2.793285804876989e18,3.351942965852387e18,3.9106001268277847e18,4.4692572878031826e18,5.02791444877858e18,5.586571609753978e18],"times":[1917629.0,2245684.0,1898282.0,1904584.0,1901358.0,1887001.0,1891372.0,1897776.0,1896827.0,1896395.0]}