{"mean":{"confidence_interval":{"confidence_level":0.95,"lower_bound":0.05280550386486101,"upper_bound":0.1555168312462183},"point_estimate":0.09523025074902283,"standard_error":0.02713033760228181},"median":{"confidence_interval":{"confidence_level":0.95,"lower_bound":0.04433983129570133,"upper_bound":0.11864063669116318},"point_estimate":0.05870257514331213,"standard_error":0.019953974429673896},"median_abs_dev":{"confidence_interval":{"confidence_level":0.95,"lower_bound":0.005357378423432632,"upper_bound":0.08757795063700713},"point_estimate":0.026845630289504305,"standard_error":0.023160591408099646},"slope":{"confidence_interval":{"confidence_level":0.95,"lower_bound":0.04016682126376067,"upper_bound":0.06387399044283563},"point_estimate":0.04818273260254011,"standard_error":0.006189829242752201},"std_dev":{"confidence_interval":{"confidence_level":0.95,"lower_bound":0.017305434397964913,"upper_bound":0.13269795775546883},"point_estimate":0.09036873847247377,"standard_error":0.03415453957204694}}