{"sampling_mode":"Linear","iters":[5.5714655258717856e17,1.1142931051743571e18,1.6714396577615357e18,2.2285862103487142e18,2.785732762935893e18,3.3428793155230715e18,3.90002586811025e18,4.4571724206974285e18,5.014318973284607e18,5.571465525871786e18],"times":[14847181.0,11329362.0,11253761.0,11385914.0,11518999.0,11491837.0,11589336.0,7818491.0,11334157.0,11900563.0]}