{"sampling_mode":"Linear","iters":[2176067051948029.0,4352134103896058.0,6528201155844087.0,8704268207792116.0,1.0880335259740144e16,1.3056402311688174e16,1.5232469363636204e16,1.7408536415584232e16,1.958460346753226e16,2.176067051948029e16],"times":[40048342.0,39912936.0,36092903.0,36107353.0,35986445.0,36257120.0,36034652.0,44279935.0,37568578.0,35962885.0]}