{"sampling_mode":"Linear","iters":[5.577674943316718e17,1.1155349886633436e18,1.6733024829950154e18,2.2310699773266872e18,2.788837471658359e18,3.346604965990031e18,3.904372460321703e18,4.4621399546533745e18,5.019907448985046e18,5.577674943316718e18],"times":[10419611.0,6719877.0,7245414.0,7172218.0,5616858.0,8001864.0,8139242.0,8223459.0,9663481.0,9192376.0]}