{"sampling_mode":"Linear","iters":[5.5842459191342886e17,1.1168491838268577e18,1.6752737757402865e18,2.2336983676537155e18,2.7921229595671444e18,3.350547551480573e18,3.908972143394002e18,4.467396735307431e18,5.02582132722086e18,5.584245919134289e18],"times":[11912721.0,10079657.0,7621597.0,9661757.0,8264988.0,8387224.0,8068152.0,7278905.0,5334755.0,4371108.0]}