{"sampling_mode":"Linear","iters":[5.5508663970351424e17,1.1101732794070285e18,1.6652599191105428e18,2.220346558814057e18,2.775433198517571e18,3.3305198382210857e18,3.8856064779246e18,4.440693117628114e18,4.995779757331628e18,5.550866397035142e18],"times":[25796230.0,23003478.0,22922287.0,22920200.0,24272344.0,25788896.0,22917136.0,22924475.0,27290287.0,23078935.0]}