{"sampling_mode":"Linear","iters":[5.5861499500708205e17,1.1172299900141641e18,1.6758449850212462e18,2.2344599800283282e18,2.7930749750354104e18,3.3516899700424924e18,3.9103049650495744e18,4.4689199600566564e18,5.027534955063738e18,5.586149950070821e18],"times":[3781617.0,3141053.0,2867875.0,3986144.0,4455615.0,4047140.0,4213368.0,2271603.0,3675899.0,2235330.0]}