{"sampling_mode":"Linear","iters":[5.5676692686884096e17,1.1135338537376819e18,1.670300780606523e18,2.2270677074753638e18,2.783834634344205e18,3.340601561213046e18,3.8973684880818867e18,4.4541354149507277e18,5.010902341819568e18,5.56766926868841e18],"times":[34261860.0,33740242.0,33516107.0,33418058.0,35959370.0,44985096.0,41747077.0,34745734.0,33699303.0,33422482.0]}