{"sampling_mode":"Linear","iters":[5.554017646038458e17,1.1108035292076916e18,1.6662052938115374e18,2.2216070584153833e18,2.777008823019229e18,3.332410587623075e18,3.887812352226921e18,4.4432141168307666e18,4.998615881434613e18,5.554017646038458e18],"times":[30768262.0,21524603.0,17129005.0,18732212.0,26462117.0,21197710.0,20001131.0,21933745.0,43108473.0,28391844.0]}