{"sampling_mode":"Linear","iters":[5.585777248730072e17,1.1171554497460145e18,1.6757331746190218e18,2.234310899492029e18,2.792888624365036e18,3.3514663492380436e18,3.910044074111051e18,4.468621798984058e18,5.027199523857065e18,5.585777248730072e18],"times":[3270967.0,4759771.0,3274067.0,3394899.0,3295692.0,7878488.0,3347038.0,3258809.0,3318582.0,3344491.0]}