{"sampling_mode":"Linear","iters":[5.589170680765407e17,1.1178341361530813e18,1.676751204229622e18,2.2356682723061627e18,2.7945853403827036e18,3.353502408459244e18,3.9124194765357844e18,4.4713365446123254e18,5.030253612688866e18,5.589170680765407e18],"times":[1376735.0,1269866.0,1264539.0,1273333.0,1268354.0,1270065.0,2636297.0,2526304.0,1787570.0,1387629.0]}