{"sampling_mode":"Linear","iters":[5.5422035145557715e17,1.1084407029111543e18,1.6626610543667315e18,2.2168814058223086e18,2.771101757277886e18,3.325322108733463e18,3.87954246018904e18,4.433762811644617e18,4.987983163100195e18,5.542203514555772e18],"times":[33261194.0,34746514.0,29881215.0,39498089.0,40755700.0,39962100.0,39444082.0,30107672.0,29732888.0,44040377.0]}