{"sampling_mode":"Linear","iters":[5.582723335025543e17,1.1165446670051086e18,1.6748170005076628e18,2.2330893340102172e18,2.7913616675127716e18,3.3496340010153257e18,3.9079063345178803e18,4.4661786680204344e18,5.024451001522989e18,5.582723335025543e18],"times":[21456974.0,22154046.0,18845626.0,28960983.0,35813622.0,30994821.0,25952405.0,16704488.0,17365898.0,17154699.0]}