{"sampling_mode":"Linear","iters":[5.587729821396736e17,1.1175459642793472e18,1.6763189464190208e18,2.2350919285586944e18,2.793864910698368e18,3.3526378928380416e18,3.911410874977715e18,4.470183857117389e18,5.028956839257062e18,5.587729821396736e18],"times":[5738824.0,8897449.0,5707787.0,7511252.0,5739070.0,5718358.0,5723133.0,6016238.0,5731576.0,5728745.0]}