{"sampling_mode":"Linear","iters":[5.549050067452487e17,1.1098100134904974e18,1.664715020235746e18,2.2196200269809948e18,2.7745250337262433e18,3.329430040471492e18,3.884335047216741e18,4.4392400539619896e18,4.994145060707238e18,5.549050067452487e18],"times":[36984558.0,33666785.0,33952142.0,33720615.0,33960217.0,33654518.0,36579877.0,33835074.0,37148078.0,33658181.0]}