{"sampling_mode":"Linear","iters":[5.541436689442969e17,1.1082873378885938e18,1.6624310068328906e18,2.2165746757771876e18,2.7707183447214843e18,3.324862013665781e18,3.879005682610078e18,4.433149351554375e18,4.987293020498672e18,5.541436689442969e18],"times":[39824830.0,36408787.0,36584942.0,32682960.0,24248159.0,24426983.0,24648601.0,33642046.0,35052913.0,24454794.0]}