{"sampling_mode":"Linear","iters":[5.570079354516019e17,1.1140158709032038e18,1.6710238063548058e18,2.2280317418064077e18,2.7850396772580096e18,3.3420476127096115e18,3.8990555481612134e18,4.4560634836128154e18,5.013071419064417e18,5.570079354516019e18],"times":[28228704.0,34104903.0,36847737.0,35484036.0,40629162.0,26987452.0,25441159.0,25546296.0,33662557.0,34668526.0]}