{"sampling_mode":"Linear","iters":[5.5819826140411706e17,1.1163965228082341e18,1.6745947842123512e18,2.2327930456164682e18,2.7909913070205855e18,3.3491895684247025e18,3.9073878298288195e18,4.4655860912329364e18,5.023784352637054e18,5.581982614041171e18],"times":[5648930.0,7166867.0,5614880.0,5569240.0,5584087.0,5593369.0,5603981.0,5583586.0,5568523.0,5581905.0]}