{"sampling_mode":"Linear","iters":[5.5559141920727546e17,1.1111828384145509e18,1.6667742576218263e18,2.2223656768291018e18,2.777957096036377e18,3.3335485152436526e18,3.889139934450928e18,4.4447313536582036e18,5.000322772865479e18,5.555914192072754e18],"times":[29238192.0,27017853.0,24091407.0,24090939.0,24220763.0,24049299.0,24131804.0,24193142.0,24146490.0,24150222.0]}