{"sampling_mode":"Linear","iters":[5.5894532827753043e17,1.1178906565550609e18,1.6768359848325914e18,2.2357813131101217e18,2.794726641387652e18,3.3536719696651827e18,3.912617297942713e18,4.4715626262202435e18,5.030507954497774e18,5.589453282775304e18],"times":[8942707.0,11592556.0,12665527.0,8926158.0,8902159.0,8867551.0,8866488.0,8885590.0,10924569.0,14567587.0]}