{"mean":{"confidence_interval":{"confidence_level":0.95,"lower_bound":5922294.058849206,"upper_bound":16253734.030297613},"point_estimate":10336670.981021827,"standard_error":2697038.9665762596},"median":{"confidence_interval":{"confidence_level":0.95,"lower_bound":4756615.335317461,"upper_bound":12909014.6875},"point_estimate":7123686.7625,"standard_error":2188619.5101050227},"median_abs_dev":{"confidence_interval":{"confidence_level":0.95,"lower_bound":594262.9954559729,"upper_bound":10511802.021555291},"point_estimate":3764725.131112977,"standard_error":2646698.776633208},"slope":{"confidence_interval":{"confidence_level":0.95,"lower_bound":4246035.627300614,"upper_bound":7363331.006084071},"point_estimate":5258395.778246753,"standard_error":805392.9221116337},"std_dev":{"confidence_interval":{"confidence_level":0.95,"lower_bound":1853589.0163437189,"upper_bound":12871490.155521872},"point_estimate":8999596.501528295,"standard_error":3040140.4551689904}}