{"mean":{"confidence_interval":{"confidence_level":0.95,"lower_bound":3.916205562050501e-12,"upper_bound":4.454727483418754e-11},"point_estimate":1.858278175099403e-11,"standard_error":1.1923741531122962e-11},"median":{"confidence_interval":{"confidence_level":0.95,"lower_bound":2.410684999536576e-12,"upper_bound":1.2718657006635028e-11},"point_estimate":4.640763818360743e-12,"standard_error":3.882859713701414e-12},"median_abs_dev":{"confidence_interval":{"confidence_level":0.95,"lower_bound":2.575025301047896e-13,"upper_bound":1.179717589410434e-11},"point_estimate":3.617084805080994e-12,"standard_error":4.5736742644075426e-12},"slope":{"confidence_interval":{"confidence_level":0.95,"lower_bound":2.677704189207913e-12,"upper_bound":6.179218049156489e-12},"point_estimate":3.610546217269272e-12,"standard_error":9.39033956765854e-13},"std_dev":{"confidence_interval":{"confidence_level":0.95,"lower_bound":2.256264734106294e-12,"upper_bound":6.109948682605738e-11},"point_estimate":3.978249898913658e-11,"standard_error":2.0660220881041755e-11}}