{"mean":{"confidence_interval":{"confidence_level":0.95,"lower_bound":48283637.8,"upper_bound":53125051.3},"point_estimate":50587772.400000006,"standard_error":1237701.4957390607},"median":{"confidence_interval":{"confidence_level":0.95,"lower_bound":47307394.5,"upper_bound":54269035.333333336},"point_estimate":48092065.16666667,"standard_error":2252947.065881996},"median_abs_dev":{"confidence_interval":{"confidence_level":0.95,"lower_bound":138731.3273370266,"upper_bound":6542987.223538756},"point_estimate":1336512.4794721697,"standard_error":2075508.102963671},"slope":null,"std_dev":{"confidence_interval":{"confidence_level":0.95,"lower_bound":2183851.355126881,"upper_bound":4943001.483724959},"point_estimate":4119340.832108712,"standard_error":708792.5638042421}}