{"sampling_mode":"Linear","iters":[5.5804655998373376e17,1.1160931199674675e18,1.6741396799512013e18,2.232186239934935e18,2.790232799918669e18,3.3482793599024026e18,3.9063259198861363e18,4.46437247986987e18,5.022419039853604e18,5.580465599837338e18],"times":[18523355.0,14710344.0,14740351.0,14671516.0,14668534.0,16895743.0,15699607.0,16170822.0,15396487.0,18385852.0]}