{"sampling_mode":"Linear","iters":[5.586898301361012e17,1.1173796602722024e18,1.6760694904083036e18,2.2347593205444047e18,2.793449150680506e18,3.352138980816607e18,3.910828810952708e18,4.4695186410888095e18,5.028208471224911e18,5.586898301361012e18],"times":[9096767.0,8549052.0,9764609.0,8300391.0,9195019.0,9159823.0,8901744.0,7816744.0,8997195.0,8075706.0]}