{"sampling_mode":"Linear","iters":[5.513987974605293e17,1.1027975949210586e18,1.654196392381588e18,2.205595189842117e18,2.7569939873026463e18,3.308392784763176e18,3.859791582223705e18,4.411190379684234e18,4.962589177144763e18,5.513987974605293e18],"times":[42027482.0,43693607.0,34282380.0,44074271.0,27483491.0,27428841.0,29192595.0,47109003.0,64373894.0,43844446.0]}