{"sampling_mode":"Linear","iters":[5.580341010364425e17,1.116068202072885e18,1.6741023031093274e18,2.23213640414577e18,2.7901705051822126e18,3.3482046062186547e18,3.9062387072550973e18,4.46427280829154e18,5.022306909327983e18,5.580341010364425e18],"times":[9833849.0,12832094.0,8832661.0,8341791.0,10894744.0,10557716.0,10469508.0,8650055.0,11181928.0,10088646.0]}