{"sampling_mode":"Linear","iters":[5.5844658445255917e17,1.1168931689051183e18,1.6753397533576776e18,2.2337863378102367e18,2.792232922262796e18,3.350679506715355e18,3.909126091167914e18,4.4675726756204733e18,5.026019260073033e18,5.584465844525592e18],"times":[36233182.0,29226963.0,27740058.0,27913652.0,30728435.0,30498724.0,30508345.0,30672967.0,30484796.0,30518502.0]}