{"sampling_mode":"Linear","iters":[5.5486166815157824e17,1.1097233363031565e18,1.6645850044547348e18,2.219446672606313e18,2.774308340757891e18,3.3291700089094697e18,3.884031677061048e18,4.438893345212626e18,4.993755013364205e18,5.548616681515782e18],"times":[19986269.0,24282145.0,24183784.0,24249344.0,24182789.0,20032215.0,13987850.0,13740805.0,17379669.0,23610362.0]}