{"sampling_mode":"Linear","iters":[5.587308936262807e17,1.1174617872525614e18,1.676192680878842e18,2.2349235745051228e18,2.793654468131404e18,3.352385361757684e18,3.9111162553839647e18,4.4698471490102456e18,5.028578042636527e18,5.587308936262808e18],"times":[4520332.0,3280823.0,6884998.0,3295106.0,4592296.0,5558538.0,4045239.0,5197184.0,4620345.0,3314058.0]}