{"sampling_mode":"Linear","iters":[5.551545414401946e17,1.1103090828803892e18,1.665463624320584e18,2.2206181657607785e18,2.7757727072009733e18,3.330927248641168e18,3.8860817900813624e18,4.441236331521557e18,4.996390872961752e18,5.551545414401947e18],"times":[23796819.0,21207357.0,20675296.0,23876300.0,21522302.0,21138207.0,20772602.0,21253064.0,20965938.0,20740520.0]}