{"sampling_mode":"Linear","iters":[8636876549138446.0,1.7273753098276892e16,2.5910629647415336e16,3.4547506196553784e16,4.318438274569223e16,5.182125929483067e16,6.045813584396912e16,6.909501239310757e16,7.773188894224602e16,8.636876549138446e16],"times":[17998485.0,18035557.0,18434123.0,18486812.0,18194031.0,19111110.0,24622865.0,22166791.0,18045630.0,18046523.0]}