{"sampling_mode":"Linear","iters":[5.541509226700707e17,1.1083018453401414e18,1.662452768010212e18,2.216603690680283e18,2.7707546133503534e18,3.324905536020424e18,3.879056458690495e18,4.433207381360566e18,4.987358304030636e18,5.541509226700707e18],"times":[20563355.0,23674431.0,25127391.0,26231009.0,18345812.0,24992871.0,24895742.0,23902379.0,21920944.0,21904464.0]}