{"mean":{"confidence_interval":{"confidence_level":0.95,"lower_bound":165756328.2,"upper_bound":180001156.2},"point_estimate":172835056.5,"standard_error":3653449.1554750297},"median":{"confidence_interval":{"confidence_level":0.95,"lower_bound":163267675.0,"upper_bound":181825192.25},"point_estimate":172939660.25,"standard_error":4315749.096130971},"median_abs_dev":{"confidence_interval":{"confidence_level":0.95,"lower_bound":491558.6158230901,"upper_bound":24571144.18977499},"point_estimate":12643659.277430177,"standard_error":6194558.152929167},"slope":null,"std_dev":{"confidence_interval":{"confidence_level":0.95,"lower_bound":6865074.84344103,"upper_bound":15151998.597993145},"point_estimate":12185322.595318643,"standard_error":2137681.584604081}}