{"sampling_mode":"Linear","iters":[5.5840266246593517e17,1.1168053249318703e18,1.6752079873978056e18,2.2336106498637407e18,2.792013312329676e18,3.350415974795611e18,3.908818637261546e18,4.4672212997274813e18,5.025623962193416e18,5.584026624659352e18],"times":[4509175.0,4764498.0,7883403.0,4526288.0,4528612.0,4496477.0,4501727.0,4506753.0,4498007.0,4492735.0]}