{"sampling_mode":"Linear","iters":[5.5802042567358784e17,1.1160408513471757e18,1.6740612770207636e18,2.2320817026943514e18,2.790102128367939e18,3.3481225540415273e18,3.906142979715115e18,4.4641634053887027e18,5.02218383106229e18,5.580204256735878e18],"times":[19266960.0,17028856.0,14884230.0,18506094.0,16462887.0,17935351.0,16076418.0,15725777.0,16721646.0,9060541.0]}