{"sampling_mode":"Linear","iters":[5.584856698586961e17,1.1169713397173923e18,1.6754570095760883e18,2.2339426794347845e18,2.7924283492934804e18,3.3509140191521766e18,3.909399689010873e18,4.467885358869569e18,5.026371028728265e18,5.584856698586961e18],"times":[4219554.0,3242576.0,2858023.0,3226280.0,2854393.0,3223863.0,2846158.0,3215272.0,2848176.0,3257114.0]}