{"mean":{"confidence_interval":{"confidence_level":0.95,"lower_bound":0.0002654538575347893,"upper_bound":0.0008397432292195895},"point_estimate":0.0005177562891025855,"standard_error":0.0001493901927742867},"median":{"confidence_interval":{"confidence_level":0.95,"lower_bound":0.00020782054652300185,"upper_bound":0.0007851942329361757},"point_estimate":0.0003029119075089494,"standard_error":0.0001336845135416724},"median_abs_dev":{"confidence_interval":{"confidence_level":0.95,"lower_bound":0.000038054434442571705,"upper_bound":0.0006537608491794521},"point_estimate":0.00016958781648268093,"standard_error":0.000146924055849129},"slope":{"confidence_interval":{"confidence_level":0.95,"lower_bound":0.00020108988946960653,"upper_bound":0.0003371952725027181},"point_estimate":0.00023992147612038073,"standard_error":0.0000355949974053947},"std_dev":{"confidence_interval":{"confidence_level":0.95,"lower_bound":0.00009806946572812475,"upper_bound":0.0006755420895457048},"point_estimate":0.0004969271020899058,"standard_error":0.0001549357302575004}}