{"sampling_mode":"Linear","iters":[5.5860838926886445e17,1.1172167785377289e18,1.6758251678065933e18,2.2344335570754578e18,2.793041946344322e18,3.3516503356131866e18,3.910258724882051e18,4.4688671141509156e18,5.02747550341978e18,5.586083892688644e18],"times":[5129631.0,3920444.0,3780038.0,3781568.0,3781769.0,3787561.0,3786035.0,3778576.0,3787019.0,3781350.0]}