{"mean":{"confidence_interval":{"confidence_level":0.95,"lower_bound":1.9629364683096543e-12,"upper_bound":6.0034086239344e-12},"point_estimate":3.6557280501474024e-12,"standard_error":1.0602766263712056e-12},"median":{"confidence_interval":{"confidence_level":0.95,"lower_bound":1.4385923251741607e-12,"upper_bound":4.595310939018935e-12},"point_estimate":2.2457718230571012e-12,"standard_error":8.351622469321305e-13},"median_abs_dev":{"confidence_interval":{"confidence_level":0.95,"lower_bound":1.45402905696135e-13,"upper_bound":3.8877527307259815e-12},"point_estimate":1.2232984119127766e-12,"standard_error":9.818421352637675e-13},"slope":{"confidence_interval":{"confidence_level":0.95,"lower_bound":1.5177753176989638e-12,"upper_bound":2.406706367782889e-12},"point_estimate":1.772496232812109e-12,"standard_error":2.339387287872573e-13},"std_dev":{"confidence_interval":{"confidence_level":0.95,"lower_bound":6.066007607781129e-13,"upper_bound":5.111649287630555e-12},"point_estimate":3.5247499085348312e-12,"standard_error":1.2783546559625262e-12}}