{"sampling_mode":"Linear","iters":[5.581721855251874e17,1.1163443710503748e18,1.6745165565755622e18,2.2326887421007496e18,2.790860927625937e18,3.3490331131511245e18,3.9072052986763116e18,4.465377484201499e18,5.023549669726686e18,5.581721855251874e18],"times":[7036577.0,7152241.0,7217432.0,6215316.0,6705882.0,6995270.0,7081752.0,6263783.0,7226840.0,7282313.0]}