{"sampling_mode":"Linear","iters":[5.58753818071151e17,1.117507636142302e18,1.6762614542134528e18,2.235015272284604e18,2.793769090355755e18,3.3525229084269056e18,3.9112767264980567e18,4.470030544569208e18,5.028784362640358e18,5.58753818071151e18],"times":[30570521.0,28586664.0,28488912.0,28491707.0,28700303.0,28598380.0,28907227.0,28540272.0,28539770.0,28524398.0]}