{"sampling_mode":"Linear","iters":[5.548491068486543e17,1.1096982136973085e18,1.6645473205459628e18,2.219396427394617e18,2.774245534243271e18,3.3290946410919255e18,3.88394374794058e18,4.438792854789234e18,4.993641961637888e18,5.548491068486542e18],"times":[12564445.0,12580812.0,11582550.0,13007381.0,9172614.0,10295128.0,10935469.0,10344329.0,9923557.0,9714482.0]}