{"sampling_mode":"Linear","iters":[5.525920351083177e17,1.1051840702166354e18,1.657776105324953e18,2.2103681404332708e18,2.7629601755415885e18,3.315552210649906e18,3.868144245758224e18,4.4207362808665416e18,4.973328315974859e18,5.525920351083177e18],"times":[4358243.0,4349750.0,4335866.0,4321832.0,4380233.0,4357825.0,4333292.0,4326173.0,4320463.0,4331834.0]}