{"sampling_mode":"Linear","iters":[5.586358532322742e17,1.1172717064645484e18,1.6759075596968225e18,2.2345434129290967e18,2.793179266161371e18,3.351815119393645e18,3.910450972625919e18,4.4690868258581934e18,5.027722679090468e18,5.586358532322742e18],"times":[3397009.0,5380663.0,5911009.0,3424536.0,3442581.0,3387539.0,3424282.0,3384024.0,3529990.0,3499877.0]}