{"sampling_mode":"Linear","iters":[5.573198716972021e17,1.1146397433944042e18,1.6719596150916063e18,2.2292794867888084e18,2.7865993584860104e18,3.3439192301832125e18,3.9012391018804147e18,4.458558973577617e18,5.015878845274819e18,5.573198716972021e18],"times":[12212131.0,12336774.0,10848946.0,10850521.0,12877656.0,11777545.0,10954561.0,10876124.0,10839478.0,10772197.0]}