{"sampling_mode":"Linear","iters":[5.5779322758220275e17,1.1155864551644055e18,1.673379682746608e18,2.231172910328811e18,2.788966137911014e18,3.346759365493216e18,3.904552593075419e18,4.462345820657622e18,5.020139048239825e18,5.577932275822028e18],"times":[9513776.0,3827992.0,3918051.0,3873132.0,3865724.0,9355190.0,6191327.0,3835517.0,3915160.0,3920368.0]}