{"sampling_mode":"Linear","iters":[5.587954391393821e17,1.1175908782787642e18,1.6763863174181463e18,2.2351817565575283e18,2.7939771956969103e18,3.3527726348362926e18,3.9115680739756744e18,4.4703635131150566e18,5.029158952254438e18,5.587954391393821e18],"times":[655652.0,576172.0,653714.0,556463.0,557849.0,556837.0,555899.0,555611.0,1334171.0,1365754.0]}