{"sampling_mode":"Linear","iters":[5.585046490622254e17,1.1170092981244508e18,1.6755139471866762e18,2.2340185962489016e18,2.792523245311127e18,3.3510278943733524e18,3.909532543435578e18,4.4680371924978033e18,5.026541841560029e18,5.585046490622254e18],"times":[1902727.0,4141077.0,1906430.0,2180187.0,1903023.0,1903489.0,1902006.0,1904493.0,1901659.0,1903210.0]}