{"mean":{"confidence_interval":{"confidence_level":0.95,"lower_bound":36955560.31718255,"upper_bound":124340530.49707139},"point_estimate":73442722.76968253,"standard_error":23091197.58117814},"median":{"confidence_interval":{"confidence_level":0.95,"lower_bound":27345216.625,"upper_bound":96897837.1875},"point_estimate":42040757.70833333,"standard_error":18639553.104407795},"median_abs_dev":{"confidence_interval":{"confidence_level":0.95,"lower_bound":4043532.691862113,"upper_bound":76381757.66576107},"point_estimate":28978299.316175673,"standard_error":21419829.079849683},"slope":{"confidence_interval":{"confidence_level":0.95,"lower_bound":26574807.30838016,"upper_bound":46833481.583333336},"point_estimate":32369465.05324675,"standard_error":5352616.987804264},"std_dev":{"confidence_interval":{"confidence_level":0.95,"lower_bound":17444546.833690964,"upper_bound":113065190.23587656},"point_estimate":77047496.39139828,"standard_error":28850536.536987502}}