{"sampling_mode":"Linear","iters":[5.584422741391721e17,1.1168845482783442e18,1.6753268224175163e18,2.2337690965566884e18,2.79221137069586e18,3.3506536448350326e18,3.909095918974205e18,4.467538193113377e18,5.025980467252549e18,5.58442274139172e18],"times":[4407785.0,6076701.0,5895364.0,6910085.0,5519418.0,4211980.0,3322361.0,4335785.0,3205540.0,4246147.0]}