{"sampling_mode":"Linear","iters":[5.587811457089939e17,1.1175622914179878e18,1.6763434371269816e18,2.2351245828359757e18,2.7939057285449697e18,3.3526868742539633e18,3.9114680199629573e18,4.4702491656719514e18,5.029030311380945e18,5.587811457089939e18],"times":[961384.0,1270822.0,1275267.0,1254785.0,527057.0,1221342.0,2011760.0,673416.0,526819.0,1272602.0]}