{"sampling_mode":"Linear","iters":[5.589181526044954e17,1.1178363052089908e18,1.6767544578134863e18,2.2356726104179817e18,2.7945907630224773e18,3.3535089156269727e18,3.912427068231468e18,4.4713452208359634e18,5.030263373440459e18,5.589181526044955e18],"times":[15753152.0,11370736.0,11289374.0,11142774.0,11347443.0,14653203.0,11115345.0,11049415.0,11165919.0,11098423.0]}