{"sampling_mode":"Linear","iters":[5.5671650080161005e17,1.1134330016032201e18,1.6701495024048302e18,2.2268660032064402e18,2.78358250400805e18,3.3402990048096604e18,3.89701550561127e18,4.4537320064128804e18,5.010448507214491e18,5.5671650080161e18],"times":[15492369.0,18224195.0,17738012.0,10438038.0,10419408.0,10468585.0,17926773.0,11080221.0,13472909.0,10927975.0]}