{"sampling_mode":"Linear","iters":[5.589528662421208e17,1.1179057324842417e18,1.6768585987263626e18,2.2358114649684833e18,2.794764331210604e18,3.353717197452725e18,3.912670063694846e18,4.4716229299369667e18,5.030575796179087e18,5.589528662421208e18],"times":[921734.0,895934.0,890524.0,899530.0,895206.0,890195.0,895791.0,899206.0,891200.0,1105359.0]}