{"sampling_mode":"Linear","iters":[5.5717757820373754e17,1.1143551564074751e18,1.6715327346112125e18,2.2287103128149501e18,2.7858878910186875e18,3.343065469222425e18,3.9002430474261627e18,4.4574206256299003e18,5.014598203833638e18,5.571775782037375e18],"times":[8972361.0,9540911.0,8025456.0,10195947.0,12150002.0,6964441.0,11897023.0,10435638.0,10789313.0,12106588.0]}