{"sampling_mode":"Linear","iters":[5.589075006806795e17,1.117815001361359e18,1.6767225020420385e18,2.235630002722718e18,2.7945375034033976e18,3.353445004084077e18,3.9123525047647565e18,4.471260005445436e18,5.030167506126116e18,5.589075006806795e18],"times":[4496485.0,3287965.0,7311374.0,3523216.0,4309018.0,3763970.0,3353155.0,3499760.0,3256276.0,3268694.0]}