{"sampling_mode":"Linear","iters":[5.584549090242871e17,1.1169098180485742e18,1.6753647270728612e18,2.2338196360971484e18,2.7922745451214356e18,3.3507294541457224e18,3.9091843631700096e18,4.467639272194297e18,5.026094181218584e18,5.584549090242871e18],"times":[7055831.0,8749174.0,9895894.0,10380512.0,11096386.0,8305130.0,5203111.0,5000489.0,4960836.0,4882593.0]}