{"sampling_mode":"Linear","iters":[5.588526410327246e17,1.1177052820654492e18,1.676557923098174e18,2.2354105641308984e18,2.794263205163623e18,3.353115846196348e18,3.9119684872290724e18,4.470821128261797e18,5.029673769294521e18,5.588526410327246e18],"times":[7937079.0,9565834.0,9055475.0,12032205.0,10076464.0,8273817.0,8287194.0,8333476.0,8924352.0,8084486.0]}