{"sampling_mode":"Linear","iters":[5.57330454300047e17,1.114660908600094e18,1.671991362900141e18,2.229321817200188e18,2.786652271500235e18,3.343982725800282e18,3.901313180100329e18,4.458643634400376e18,5.015974088700423e18,5.57330454300047e18],"times":[23421085.0,16907227.0,17169446.0,17160494.0,17250271.0,17054349.0,17073608.0,17073992.0,17094794.0,17166158.0]}