{"sampling_mode":"Linear","iters":[5.543406041290744e17,1.1086812082581489e18,1.6630218123872233e18,2.2173624165162977e18,2.771703020645372e18,3.3260436247744466e18,3.8803842289035213e18,4.4347248330325955e18,4.98906543716167e18,5.543406041290744e18],"times":[36022180.0,33551317.0,33417161.0,33493186.0,33406477.0,33459708.0,33403786.0,33410549.0,33494341.0,33415668.0]}