{"sampling_mode":"Linear","iters":[5.573184920154549e17,1.1146369840309098e18,1.6719554760463647e18,2.2292739680618196e18,2.7865924600772746e18,3.3439109520927293e18,3.9012294441081846e18,4.4585479361236393e18,5.015866428139094e18,5.573184920154549e18],"times":[9178336.0,9063873.0,9039330.0,9059833.0,9014743.0,9065756.0,9079999.0,8993401.0,9044302.0,9075755.0]}