{"sampling_mode":"Linear","iters":[5.58082850698955e17,1.11616570139791e18,1.674248552096865e18,2.23233140279582e18,2.790414253494775e18,3.34849710419373e18,3.9065799548926853e18,4.46466280559164e18,5.022745656290595e18,5.58082850698955e18],"times":[5209920.0,5673796.0,6496887.0,5182054.0,5129823.0,5143109.0,5145171.0,5129976.0,5140964.0,5123292.0]}