{"sampling_mode":"Linear","iters":[5.579545600231947e17,1.1159091200463894e18,1.6738636800695841e18,2.2318182400927788e18,2.7897728001159736e18,3.3477273601391683e18,3.905681920162363e18,4.4636364801855575e18,5.021591040208753e18,5.579545600231947e18],"times":[14204810.0,11829059.0,11528685.0,10952746.0,10916686.0,11848068.0,11816986.0,11983887.0,11881068.0,10998458.0]}