{"sampling_mode":"Linear","iters":[5.586328480288749e17,1.1172656960577498e18,1.6758985440866248e18,2.2345313921154995e18,2.7931642401443743e18,3.3517970881732495e18,3.9104299362021243e18,4.469062784230999e18,5.027695632259874e18,5.586328480288749e18],"times":[815422.0,815503.0,814567.0,814995.0,1027677.0,1041051.0,816917.0,814754.0,819731.0,814963.0]}