{"sampling_mode":"Linear","iters":[5.567251296562248e17,1.1134502593124495e18,1.6701753889686743e18,2.226900518624899e18,2.783625648281124e18,3.3403507779373486e18,3.8970759075935734e18,4.453801037249798e18,5.010526166906023e18,5.567251296562248e18],"times":[25225674.0,24515334.0,24475262.0,24631333.0,27805397.0,24335106.0,24924115.0,25626432.0,24907033.0,25043270.0]}