{"sampling_mode":"Linear","iters":[5.57750738179822e17,1.115501476359644e18,1.673252214539466e18,2.231002952719288e18,2.78875369089911e18,3.346504429078932e18,3.904255167258754e18,4.462005905438576e18,5.019756643618398e18,5.57750738179822e18],"times":[10999964.0,8681194.0,6464940.0,6092268.0,5394583.0,5357915.0,5305338.0,5653550.0,5143240.0,5493883.0]}