{"sampling_mode":"Linear","iters":[1.3945780164521664e17,2.7891560329043328e17,4.183734049356499e17,5.5783120658086656e17,6.972890082260832e17,8.367468098712998e17,9.762046115165165e17,1.1156624131617331e18,1.25512021480695e18,1.3945780164521664e18],"times":[8072089.0,8026906.0,8086140.0,8042918.0,8031414.0,8028394.0,8030190.0,8039196.0,8029054.0,8025989.0]}