{"sampling_mode":"Linear","iters":[5.565729657570687e17,1.1131459315141373e18,1.669718897271206e18,2.2262918630282747e18,2.7828648287853435e18,3.339437794542412e18,3.8960107602994806e18,4.4525837260565494e18,5.009156691813618e18,5.565729657570687e18],"times":[32651465.0,30903367.0,33594568.0,35878762.0,42463273.0,33347669.0,29093798.0,30345762.0,31691083.0,29910828.0]}