{"sampling_mode":"Linear","iters":[5.5890069206699885e17,1.1178013841339977e18,1.6767020762009966e18,2.2356027682679954e18,2.7945034603349944e18,3.353404152401993e18,3.912304844468992e18,4.471205536535991e18,5.03010622860299e18,5.589006920669989e18],"times":[544051.0,543206.0,543857.0,543948.0,580191.0,544293.0,684129.0,544137.0,542984.0,543293.0]}