{"sampling_mode":"Linear","iters":[5.57497507984343e17,1.114995015968686e18,1.6724925239530289e18,2.229990031937372e18,2.7874875399217147e18,3.3449850479060577e18,3.902482555890401e18,4.459980063874744e18,5.017477571859086e18,5.574975079843429e18],"times":[26337531.0,25893434.0,28544912.0,27849291.0,37546607.0,26263750.0,26053778.0,26116936.0,26012068.0,26058288.0]}