{"sampling_mode":"Linear","iters":[5.5848814860087014e17,1.1169762972017403e18,1.6754644458026104e18,2.2339525944034806e18,2.7924407430043505e18,3.350928891605221e18,3.9094170402060913e18,4.467905188806961e18,5.026393337407831e18,5.584881486008701e18],"times":[13564638.0,12389135.0,11978182.0,11951939.0,11959157.0,11946219.0,11942822.0,13123751.0,13890538.0,11976524.0]}