{"sampling_mode":"Linear","iters":[5.5864170536737274e17,1.1172834107347455e18,1.6759251161021181e18,2.234566821469491e18,2.7932085268368635e18,3.3518502322042363e18,3.910491937571609e18,4.469133642938982e18,5.027775348306354e18,5.586417053673727e18],"times":[6000804.0,4184473.0,3259859.0,3213521.0,3204003.0,4912923.0,5784296.0,5842761.0,5597260.0,5814030.0]}