{"mean":{"confidence_interval":{"confidence_level":0.95,"lower_bound":6108103.543397818,"upper_bound":18258947.544645812},"point_estimate":11167638.62251984,"standard_error":3181971.1329818224},"median":{"confidence_interval":{"confidence_level":0.95,"lower_bound":4710610.0625,"upper_bound":14229781.25},"point_estimate":6929952.816666666,"standard_error":2486207.358512207},"median_abs_dev":{"confidence_interval":{"confidence_level":0.95,"lower_bound":953728.6172345988,"upper_bound":11083776.862892376},"point_estimate":3883979.341312249,"standard_error":2839195.9122626605},"slope":{"confidence_interval":{"confidence_level":0.95,"lower_bound":4595674.535902032,"upper_bound":7492502.984456664},"point_estimate":5446645.931168831,"standard_error":759018.4648382663},"std_dev":{"confidence_interval":{"confidence_level":0.95,"lower_bound":2247687.8885723343,"upper_bound":15506532.25311581},"point_estimate":10627799.52654701,"standard_error":3896008.1026050285}}