{"sampling_mode":"Linear","iters":[5.5884159623852294e17,1.1176831924770459e18,1.676524788715569e18,2.2353663849540918e18,2.794207981192615e18,3.353049577431138e18,3.9118911736696607e18,4.4707327699081836e18,5.029574366146706e18,5.58841596238523e18],"times":[519996.0,520442.0,519962.0,519110.0,528149.0,550134.0,801981.0,655807.0,1019640.0,1011747.0]}