{"sampling_mode":"Linear","iters":[5.53593826480806e17,1.107187652961612e18,1.6607814794424182e18,2.214375305923224e18,2.76796913240403e18,3.3215629588848364e18,3.875156785365642e18,4.428750611846448e18,4.982344438327254e18,5.53593826480806e18],"times":[72479065.0,19762099.0,17665926.0,16803562.0,11738777.0,16742646.0,10596232.0,10623952.0,12010863.0,11090074.0]}