{"sampling_mode":"Linear","iters":[5.571600933359416e17,1.1143201866718833e18,1.671480280007825e18,2.2286403733437665e18,2.785800466679708e18,3.34296056001565e18,3.9001206533515914e18,4.457280746687533e18,5.014440840023474e18,5.571600933359416e18],"times":[1682144.0,1506997.0,1503792.0,1442979.0,1431902.0,1424865.0,2496393.0,1536202.0,1818878.0,1645298.0]}