{"sampling_mode":"Linear","iters":[5.589029584198497e17,1.1178059168396995e18,1.6767088752595492e18,2.235611833679399e18,2.7945147920992486e18,3.3534177505190984e18,3.912320708938948e18,4.471223667358798e18,5.030126625778647e18,5.589029584198497e18],"times":[13818493.0,9720335.0,10998187.0,10896874.0,10357915.0,10818135.0,11047343.0,9766980.0,10939177.0,10706384.0]}