{"mean":{"confidence_interval":{"confidence_level":0.95,"lower_bound":0.8962062682529558,"upper_bound":2.693541840011928},"point_estimate":1.6424575372243464,"standard_error":0.4746030466694516},"median":{"confidence_interval":{"confidence_level":0.95,"lower_bound":0.735222101864004,"upper_bound":2.1635160620580547},"point_estimate":0.9626667624679937,"standard_error":0.3786327035532352},"median_abs_dev":{"confidence_interval":{"confidence_level":0.95,"lower_bound":0.11568440619502625,"upper_bound":1.5152175752721935},"point_estimate":0.5831029486752624,"standard_error":0.429525483826766},"slope":{"confidence_interval":{"confidence_level":0.95,"lower_bound":0.6538768866505005,"upper_bound":1.1211326418812422},"point_estimate":0.8055961031397647,"standard_error":0.12090337360927639},"std_dev":{"confidence_interval":{"confidence_level":0.95,"lower_bound":0.36099635453943923,"upper_bound":2.3319412901285927},"point_estimate":1.5844490542055993,"standard_error":0.5968507463250663}}