{"sampling_mode":"Linear","iters":[5.576922328323679e17,1.1153844656647357e18,1.6730766984971036e18,2.2307689313294715e18,2.788461164161839e18,3.346153396994207e18,3.9038456298265754e18,4.461537862658943e18,5.019230095491311e18,5.576922328323678e18],"times":[2958094.0,3259744.0,2933627.0,7253878.0,3001647.0,4440369.0,3845265.0,2944155.0,2926012.0,2918670.0]}