{"mean":{"confidence_interval":{"confidence_level":0.95,"lower_bound":0.020005247199371926,"upper_bound":0.0571870068683051},"point_estimate":0.03556899434096285,"standard_error":0.009713821579637601},"median":{"confidence_interval":{"confidence_level":0.95,"lower_bound":0.016780919138374567,"upper_bound":0.044343883330245276},"point_estimate":0.022085771291393674,"standard_error":0.0076310731128554545},"median_abs_dev":{"confidence_interval":{"confidence_level":0.95,"lower_bound":0.002910533630817109,"upper_bound":0.03509148240407964},"point_estimate":0.011269378985624284,"standard_error":0.008829666047596961},"slope":{"confidence_interval":{"confidence_level":0.95,"lower_bound":0.01498555280579937,"upper_bound":0.024656510178100256},"point_estimate":0.018152316256262343,"standard_error":0.0025126142183974232},"std_dev":{"confidence_interval":{"confidence_level":0.95,"lower_bound":0.006618025018052787,"upper_bound":0.047111109565157426},"point_estimate":0.0323458312507761,"standard_error":0.011717319554294435}}