{"sampling_mode":"Linear","iters":[5.5867529568554125e17,1.1173505913710825e18,1.6760258870566236e18,2.234701182742165e18,2.7933764784277064e18,3.352051774113247e18,3.9107270697987886e18,4.46940236548433e18,5.028077661169871e18,5.586752956855413e18],"times":[34941823.0,34329866.0,27708746.0,27270686.0,29111740.0,26247232.0,36894775.0,25955003.0,27377621.0,36684679.0]}