{"mean":{"confidence_interval":{"confidence_level":0.95,"lower_bound":6.442506115428435e-12,"upper_bound":1.9138645897165053e-11},"point_estimate":1.2059707452807224e-11,"standard_error":3.277425021358865e-12},"median":{"confidence_interval":{"confidence_level":0.95,"lower_bound":3.971855849539061e-12,"upper_bound":1.7727602050845366e-11},"point_estimate":7.80253684971911e-12,"standard_error":3.876482666475007e-12},"median_abs_dev":{"confidence_interval":{"confidence_level":0.95,"lower_bound":8.571376325153298e-13,"upper_bound":1.5971962620518014e-11},"point_estimate":6.611619426183518e-12,"standard_error":4.0261460586863984e-12},"slope":{"confidence_interval":{"confidence_level":0.95,"lower_bound":4.1950341752988e-12,"upper_bound":8.405517702666603e-12},"point_estimate":5.392925992008724e-12,"standard_error":1.0998651275816978e-12},"std_dev":{"confidence_interval":{"confidence_level":0.95,"lower_bound":4.044837092173374e-12,"upper_bound":1.5154212388853275e-11},"point_estimate":1.0909387675688434e-11,"standard_error":3.141861328118669e-12}}