{"sampling_mode":"Linear","iters":[5.5829266821386246e17,1.1165853364277249e18,1.6748780046415875e18,2.2331706728554499e18,2.7914633410693125e18,3.349756009283175e18,3.9080486774970373e18,4.4663413457108997e18,5.024634013924763e18,5.582926682138625e18],"times":[20970860.0,24154893.0,27444221.0,30867736.0,25063962.0,22196435.0,19268758.0,15716533.0,15914212.0,22174580.0]}