{"sampling_mode":"Linear","iters":[5.580670873651915e17,1.116134174730383e18,1.6742012620955745e18,2.232268349460766e18,2.7903354368259574e18,3.348402524191149e18,3.90646961155634e18,4.464536698921532e18,5.022603786286723e18,5.580670873651915e18],"times":[7805894.0,8453274.0,7703341.0,7667307.0,7665504.0,7658663.0,7668611.0,7660539.0,7686333.0,7662730.0]}