{"sampling_mode":"Linear","iters":[5.582048366357364e17,1.1164096732714728e18,1.6746145099072092e18,2.2328193465429455e18,2.791024183178682e18,3.3492290198144184e18,3.9074338564501545e18,4.465638693085891e18,5.023843529721628e18,5.582048366357364e18],"times":[8681588.0,9174192.0,8412466.0,5297041.0,5135542.0,5124881.0,6326669.0,6118724.0,5300853.0,5871012.0]}