{"sampling_mode":"Linear","iters":[5.58985781850584e17,1.117971563701168e18,1.676957345551752e18,2.235943127402336e18,2.79492890925292e18,3.353914691103504e18,3.912900472954088e18,4.471886254804672e18,5.030872036655256e18,5.58985781850584e18],"times":[3817597.0,1765406.0,4840995.0,2443366.0,3838916.0,3728058.0,1575554.0,1986446.0,1567906.0,3821784.0]}