{"sampling_mode":"Linear","iters":[5.5837370971729274e17,1.1167474194345855e18,1.6751211291518781e18,2.233494838869171e18,2.7918685485864637e18,3.3502422583037563e18,3.9086159680210493e18,4.466989677738342e18,5.025363387455634e18,5.583737097172927e18],"times":[3126704.0,3649230.0,3723925.0,3165809.0,3073872.0,3051908.0,3072932.0,3462477.0,3065813.0,3117560.0]}