{"sampling_mode":"Linear","iters":[5.577447991471154e17,1.1154895982942308e18,1.673234397441346e18,2.2309791965884616e18,2.788723995735577e18,3.346468794882692e18,3.9042135940298076e18,4.461958393176923e18,5.019703192324039e18,5.577447991471154e18],"times":[22877470.0,19485946.0,19342280.0,19173475.0,19097811.0,19474514.0,18802531.0,16683931.0,16681254.0,16671549.0]}