{"sampling_mode":"Linear","iters":[5.5880478055544966e17,1.1176095611108993e18,1.676414341666349e18,2.2352191222217987e18,2.7940239027772483e18,3.352828683332698e18,3.9116334638881475e18,4.4704382444435973e18,5.029243024999047e18,5.588047805554497e18],"times":[1533817.0,1574367.0,1533022.0,1545884.0,1977195.0,1739594.0,1551394.0,1533785.0,1534120.0,1551520.0]}