{"sampling_mode":"Linear","iters":[5.5790005784808416e17,1.1158001156961683e18,1.6737001735442524e18,2.2316002313923366e18,2.789500289240421e18,3.347400347088505e18,3.9053004049365893e18,4.4632004627846733e18,5.021100520632757e18,5.579000578480842e18],"times":[35145707.0,28914557.0,25931983.0,25360549.0,25648446.0,25230451.0,26299048.0,25869499.0,25472882.0,33771903.0]}