{"sampling_mode":"Linear","iters":[5.5851172704562515e17,1.1170234540912503e18,1.6755351811368755e18,2.2340469081825006e18,2.7925586352281257e18,3.351070362273751e18,3.909582089319376e18,4.468093816365001e18,5.026605543410627e18,5.585117270456251e18],"times":[2256104.0,2145374.0,2141359.0,2214282.0,2224107.0,2231708.0,2148040.0,2149927.0,2169667.0,2184173.0]}