{"sampling_mode":"Linear","iters":[8704970322924423.0,1.7409940645848846e16,2.6114910968773268e16,3.4819881291697692e16,4.352485161462211e16,5.2229821937546536e16,6.093479226047096e16,6.9639762583395384e16,7.83447329063198e16,8.704970322924422e16],"times":[43220983.0,42443136.0,42435797.0,48735216.0,42529718.0,42426758.0,42209067.0,42378261.0,42497335.0,42625929.0]}