{"mean":{"confidence_interval":{"confidence_level":0.95,"lower_bound":64083502.32749999,"upper_bound":73301933.38250001},"point_estimate":68619460.96666667,"standard_error":2359455.9147168538},"median":{"confidence_interval":{"confidence_level":0.95,"lower_bound":61259861.666666664,"upper_bound":75586498.66666666},"point_estimate":68264886.16666666,"standard_error":4088636.094444114},"median_abs_dev":{"confidence_interval":{"confidence_level":0.95,"lower_bound":2192722.8598713856,"upper_bound":13146636.260500565},"point_estimate":8496652.945554256,"standard_error":2871453.414986096},"slope":null,"std_dev":{"confidence_interval":{"confidence_level":0.95,"lower_bound":4930971.111019529,"upper_bound":9483986.283842048},"point_estimate":7867236.028817909,"standard_error":1165335.8029364047}}