{"sampling_mode":"Linear","iters":[5.5517409055255706e17,1.1103481811051141e18,1.6655222716576712e18,2.2206963622102282e18,2.7758704527627853e18,3.3310445433153423e18,3.8862186338678994e18,4.4413927244204564e18,4.996566814973014e18,5.551740905525571e18],"times":[30075719.0,27626465.0,31435486.0,30005895.0,29443425.0,25761559.0,27737752.0,27757543.0,27079560.0,26966526.0]}