{"sampling_mode":"Linear","iters":[5.588607596240792e17,1.1177215192481585e18,1.6765822788722376e18,2.235443038496317e18,2.7943037981203963e18,3.353164557744475e18,3.9120253173685545e18,4.470886076992634e18,5.029746836616713e18,5.588607596240793e18],"times":[2761711.0,4290344.0,2797293.0,2824625.0,2751312.0,2749604.0,2893187.0,2748861.0,2800900.0,2832882.0]}