{"sampling_mode":"Linear","iters":[5.5833399065790515e17,1.1166679813158103e18,1.6750019719737155e18,2.2333359626316206e18,2.791669953289526e18,3.350003943947431e18,3.908337934605336e18,4.466671925263241e18,5.025005915921146e18,5.583339906579052e18],"times":[4643067.0,3145292.0,3665305.0,4627624.0,2974766.0,3761594.0,3669885.0,3750644.0,3359005.0,4445228.0]}