{"sampling_mode":"Linear","iters":[5.564781784541016e17,1.1129563569082033e18,1.669434535362305e18,2.2259127138164065e18,2.782390892270508e18,3.33886907072461e18,3.8953472491787116e18,4.451825427632813e18,5.008303606086915e18,5.564781784541016e18],"times":[13660587.0,8617922.0,8667040.0,8687302.0,8568187.0,8567048.0,8553413.0,8574511.0,8588715.0,8560354.0]}