{"mean":{"confidence_interval":{"confidence_level":0.95,"lower_bound":0.0003222839446598649,"upper_bound":0.0008794535488005358},"point_estimate":0.0005584985391924987,"standard_error":0.00014598620545230956},"median":{"confidence_interval":{"confidence_level":0.95,"lower_bound":0.0002716442281472498,"upper_bound":0.0007355695423670657},"point_estimate":0.0003623205988407773,"standard_error":0.00011219457957068163},"median_abs_dev":{"confidence_interval":{"confidence_level":0.95,"lower_bound":0.00004146835145101918,"upper_bound":0.0005624009846749639},"point_estimate":0.00020299131042372315,"standard_error":0.00013259414005235297},"slope":{"confidence_interval":{"confidence_level":0.95,"lower_bound":0.00024214888677361442,"upper_bound":0.0003965312650847146},"point_estimate":0.00029211643626619627,"standard_error":0.00004004386239789354},"std_dev":{"confidence_interval":{"confidence_level":0.95,"lower_bound":0.00010729517478566232,"upper_bound":0.0007012539447289129},"point_estimate":0.0004868680519231332,"standard_error":0.0001715387706515391}}