{"sampling_mode":"Linear","iters":[5.585632980212152e17,1.1171265960424305e18,1.6756898940636457e18,2.234253192084861e18,2.792816490106076e18,3.3513797881272914e18,3.9099430861485066e18,4.468506384169722e18,5.027069682190937e18,5.585632980212152e18],"times":[6755446.0,7407429.0,6350724.0,6198832.0,6198726.0,6250708.0,6203549.0,6192943.0,6190696.0,8321723.0]}