{"sampling_mode":"Linear","iters":[5.573377326079622e17,1.1146754652159244e18,1.6720131978238866e18,2.2293509304318487e18,2.786688663039811e18,3.344026395647773e18,3.9013641282557353e18,4.4587018608636974e18,5.01603959347166e18,5.573377326079622e18],"times":[10649504.0,10356557.0,10251827.0,10250873.0,10245417.0,10217542.0,10215225.0,10212291.0,10226100.0,10302030.0]}