{"sampling_mode":"Linear","iters":[5.582855550782505e17,1.116571110156501e18,1.6748566652347515e18,2.233142220313002e18,2.7914277753912525e18,3.349713330469503e18,3.9079988855477535e18,4.466284440626004e18,5.024569995704254e18,5.582855550782505e18],"times":[12394338.0,12087723.0,8667669.0,10322062.0,12299741.0,9185349.0,8607847.0,9974811.0,12973266.0,8232267.0]}