{"sampling_mode":"Linear","iters":[5.5479471022959763e17,1.1095894204591953e18,1.6643841306887928e18,2.2191788409183905e18,2.773973551147988e18,3.3287682613775857e18,3.8835629716071834e18,4.438357681836781e18,4.993152392066379e18,5.547947102295976e18],"times":[31313514.0,23550647.0,23655163.0,29973931.0,23662120.0,23639768.0,24095189.0,23520423.0,23618351.0,23817717.0]}