{"sampling_mode":"Linear","iters":[5.5832717481878304e17,1.1166543496375661e18,1.6749815244563492e18,2.2333086992751322e18,2.791635874093915e18,3.3499630489126984e18,3.908290223731481e18,4.4666173985502643e18,5.024944573369047e18,5.58327174818783e18],"times":[2235314.0,2516124.0,2917652.0,6137110.0,3966649.0,3841638.0,3954482.0,2300472.0,3945053.0,3634719.0]}