{"sampling_mode":"Linear","iters":[5.579794197584063e17,1.1159588395168125e18,1.673938259275219e18,2.231917679033625e18,2.789897098792031e18,3.347876518550438e18,3.905855938308844e18,4.46383535806725e18,5.021814777825657e18,5.579794197584062e18],"times":[9068952.0,9366805.0,8169475.0,8432643.0,9058063.0,8094117.0,7672159.0,9517350.0,10183938.0,8612076.0]}