{"sampling_mode":"Linear","iters":[5.580634035569428e17,1.1161268071138856e18,1.6741902106708283e18,2.2322536142277711e18,2.7903170177847137e18,3.3483804213416566e18,3.9064438248985994e18,4.4645072284555423e18,5.022570632012485e18,5.580634035569427e18],"times":[11884469.0,9543429.0,8559774.0,12826303.0,11560197.0,11559977.0,12532856.0,11876402.0,12715087.0,12624509.0]}