{"mean":{"confidence_interval":{"confidence_level":0.95,"lower_bound":16.459167308635458,"upper_bound":49.03880265435951},"point_estimate":30.22663354260024,"standard_error":8.494062162323154},"median":{"confidence_interval":{"confidence_level":0.95,"lower_bound":12.97847637476803,"upper_bound":40.10938565673228},"point_estimate":18.573378722751812,"standard_error":7.070890599447318},"median_abs_dev":{"confidence_interval":{"confidence_level":0.95,"lower_bound":2.581105547886729,"upper_bound":31.91172018688634},"point_estimate":10.776027039628744,"standard_error":8.186053986827359},"slope":{"confidence_interval":{"confidence_level":0.95,"lower_bound":12.333178092304848,"upper_bound":20.222858687820406},"point_estimate":14.659235626935914,"standard_error":2.0696728282328114},"std_dev":{"confidence_interval":{"confidence_level":0.95,"lower_bound":6.2193590368476,"upper_bound":40.783789728093524},"point_estimate":28.321064052587264,"standard_error":9.892797387904636}}