{"sampling_mode":"Linear","iters":[5.545408430900196e17,1.1090816861800392e18,1.6636225292700588e18,2.2181633723600783e18,2.7727042154500977e18,3.3272450585401175e18,3.8817859016301373e18,4.4363267447201567e18,4.990867587810176e18,5.545408430900195e18],"times":[28634651.0,25560330.0,25553076.0,25516220.0,25497758.0,25498262.0,25511169.0,25514516.0,25503979.0,25480773.0]}