{"sampling_mode":"Linear","iters":[5.5211645211527386e17,1.1042329042305477e18,1.6563493563458217e18,2.2084658084610954e18,2.760582260576369e18,3.3126987126916434e18,3.864815164806917e18,4.416931616922191e18,4.969048069037465e18,5.521164521152738e18],"times":[65817055.0,45368893.0,32161047.0,45369128.0,47611849.0,48075961.0,46712165.0,46473557.0,49455097.0,45468820.0]}