{"sampling_mode":"Linear","iters":[5.565394881280118e17,1.1130789762560236e18,1.6696184643840353e18,2.226157952512047e18,2.782697440640059e18,3.3392369287680707e18,3.8957764168960824e18,4.452315905024094e18,5.008855393152106e18,5.565394881280118e18],"times":[30251351.0,25571491.0,25593686.0,25629025.0,25646697.0,25963084.0,28793568.0,25577395.0,25579226.0,25609777.0]}