{"sampling_mode":"Linear","iters":[5.584449351147566e17,1.1168898702295132e18,1.6753348053442698e18,2.2337797404590264e18,2.792224675573783e18,3.3506696106885396e18,3.9091145458032963e18,4.467559480918053e18,5.026004416032809e18,5.584449351147566e18],"times":[17398129.0,16161686.0,17431866.0,18806328.0,17337072.0,19019298.0,18622523.0,18950951.0,18552928.0,18780132.0]}