{"sampling_mode":"Linear","iters":[5.5749801413629715e17,1.1149960282725943e18,1.6724940424088914e18,2.2299920565451886e18,2.787490070681486e18,3.344988084817783e18,3.90248609895408e18,4.459984113090377e18,5.017482127226674e18,5.574980141362972e18],"times":[6523134.0,4975590.0,4954504.0,10108873.0,7287957.0,9996859.0,4969153.0,4991882.0,4991256.0,4944160.0]}