{"sampling_mode":"Linear","iters":[5.583273185099597e17,1.1166546370199194e18,1.674981955529879e18,2.2333092740398387e18,2.7916365925497984e18,3.349963911059758e18,3.908291229569718e18,4.4666185480796774e18,5.024945866589637e18,5.583273185099597e18],"times":[12449212.0,12148372.0,10531796.0,10377868.0,10639151.0,7934291.0,7899426.0,10413289.0,11613310.0,7935163.0]}