{"sampling_mode":"Linear","iters":[5.586380960368826e17,1.1172761920737652e18,1.6759142881106478e18,2.2345523841475305e18,2.793190480184413e18,3.3518285762212956e18,3.9104666722581786e18,4.469104768295061e18,5.027742864331944e18,5.586380960368826e18],"times":[3299126.0,4190657.0,3992890.0,3274982.0,3292544.0,3282773.0,5300715.0,6387054.0,3359092.0,3305164.0]}