{"mean":{"confidence_interval":{"confidence_level":0.95,"lower_bound":1727533.5426135743,"upper_bound":5105525.2521130275},"point_estimate":3139205.377747674,"standard_error":884194.4759150109},"median":{"confidence_interval":{"confidence_level":0.95,"lower_bound":1308633.3706896552,"upper_bound":3939110.5},"point_estimate":1999984.1781609193,"standard_error":715668.6337468417},"median_abs_dev":{"confidence_interval":{"confidence_level":0.95,"lower_bound":229244.07248746062,"upper_bound":3216831.399020862},"point_estimate":1076704.160197036,"standard_error":815190.2638061132},"slope":{"confidence_interval":{"confidence_level":0.95,"lower_bound":1298950.2260171433,"upper_bound":2115526.7684745737},"point_estimate":1540140.791759964,"standard_error":214405.8680049542},"std_dev":{"confidence_interval":{"confidence_level":0.95,"lower_bound":604919.6270475746,"upper_bound":4283539.763092137},"point_estimate":2943768.714876288,"standard_error":1065490.421858416}}