{"sampling_mode":"Linear","iters":[5.587320355129223e17,1.1174640710258446e18,1.6761961065387668e18,2.2349281420516892e18,2.7936601775646116e18,3.3523922130775337e18,3.9111242485904563e18,4.4698562841033784e18,5.028588319616301e18,5.587320355129223e18],"times":[8398051.0,13253780.0,10893326.0,10923617.0,10927022.0,10363765.0,10850168.0,10845775.0,10320360.0,10883716.0]}