{"sampling_mode":"Linear","iters":[5.576195190447883e17,1.1152390380895766e18,1.672858557134365e18,2.2304780761791532e18,2.7880975952239416e18,3.34571711426873e18,3.903336633313518e18,4.4609561523583063e18,5.018575671403095e18,5.576195190447883e18],"times":[7258754.0,7243068.0,7226555.0,7249161.0,7231907.0,7221123.0,7213632.0,7217822.0,7217106.0,7221338.0]}