{"sampling_mode":"Linear","iters":[5.583093898425741e17,1.1166187796851482e18,1.6749281695277222e18,2.2332375593702963e18,2.7915469492128707e18,3.3498563390554445e18,3.9081657288980183e18,4.4664751187405926e18,5.024784508583167e18,5.583093898425741e18],"times":[4295133.0,7022658.0,7703250.0,9511897.0,8380236.0,9764643.0,8460202.0,9871366.0,8517449.0,9885520.0]}