{"sampling_mode":"Linear","iters":[5.570469995845317e17,1.1140939991690634e18,1.6711409987535951e18,2.2281879983381268e18,2.7852349979226583e18,3.3422819975071903e18,3.899328997091722e18,4.4563759966762537e18,5.013422996260785e18,5.570469995845317e18],"times":[15999848.0,15204414.0,15183024.0,15827373.0,15285151.0,15895799.0,15879329.0,17374095.0,15168694.0,15266498.0]}