{"sampling_mode":"Linear","iters":[5.5386889863538464e17,1.1077377972707693e18,1.661606695906154e18,2.2154755945415386e18,2.769344493176923e18,3.323213391812308e18,3.8770822904476923e18,4.430951189083077e18,4.984820087718461e18,5.538688986353846e18],"times":[32376796.0,41839830.0,41868577.0,41049993.0,27462525.0,26985128.0,28826890.0,25482330.0,25508289.0,25624550.0]}