{"sampling_mode":"Linear","iters":[5.557312720902668e17,1.1114625441805336e18,1.6671938162708004e18,2.2229250883610673e18,2.778656360451334e18,3.334387632541601e18,3.890118904631868e18,4.4458501767221345e18,5.001581448812402e18,5.557312720902668e18],"times":[23167297.0,31610175.0,26259624.0,23079388.0,22818126.0,14732926.0,16517350.0,20074743.0,15520964.0,14242164.0]}