{"sampling_mode":"Linear","iters":[5.5442408001750675e17,1.1088481600350135e18,1.6632722400525202e18,2.217696320070027e18,2.7721204000875336e18,3.3265444801050404e18,3.880968560122547e18,4.435392640140054e18,4.989816720157561e18,5.544240800175067e18],"times":[51075475.0,44615155.0,28294976.0,27649726.0,27879930.0,40289466.0,48725560.0,48635202.0,48086740.0,48602112.0]}