{"sampling_mode":"Linear","iters":[5.585433900667322e17,1.1170867801334644e18,1.6756301702001966e18,2.234173560266929e18,2.792716950333661e18,3.351260340400393e18,3.909803730467126e18,4.468347120533858e18,5.02689051060059e18,5.585433900667322e18],"times":[7630424.0,11088288.0,7919913.0,7381421.0,9258985.0,10050926.0,4045016.0,4024233.0,4392608.0,5414788.0]}