{"sampling_mode":"Linear","iters":[5.585765804540969e17,1.1171531609081938e18,1.6757297413622907e18,2.2343063218163876e18,2.7928829022704845e18,3.3514594827245814e18,3.9100360631786783e18,4.468612643632775e18,5.027189224086872e18,5.585765804540969e18],"times":[2848842.0,2834571.0,2832097.0,6571653.0,2862522.0,2847098.0,2838930.0,2830029.0,2876365.0,2850730.0]}