{"sampling_mode":"Linear","iters":[5.537457546638341e17,1.1074915093276682e18,1.6612372639915023e18,2.2149830186553364e18,2.7687287733191706e18,3.3224745279830047e18,3.876220282646839e18,4.429966037310673e18,4.983711791974506e18,5.537457546638341e18],"times":[42299547.0,25452032.0,26841426.0,25334924.0,40424169.0,25666405.0,35144976.0,27794176.0,35928148.0,25985529.0]}