{"sampling_mode":"Linear","iters":[5.5695564685094746e17,1.1139112937018949e18,1.6708669405528422e18,2.2278225874037898e18,2.7847782342547374e18,3.3417338811056845e18,3.898689527956632e18,4.4556451748075796e18,5.012600821658527e18,5.569556468509475e18],"times":[21435366.0,20432385.0,16109429.0,16384144.0,16338133.0,16282323.0,15998662.0,15803434.0,17598896.0,15667998.0]}