{"sampling_mode":"Linear","iters":[5.547186924062858e17,1.1094373848125716e18,1.6641560772188575e18,2.2188747696251433e18,2.773593462031429e18,3.328312154437715e18,3.883030846844001e18,4.4377495392502866e18,4.992468231656573e18,5.547186924062858e18],"times":[30431233.0,20492266.0,20473159.0,20826419.0,34643094.0,34736658.0,35100645.0,34959465.0,29245554.0,20444173.0]}