{"mean":{"confidence_interval":{"confidence_level":0.95,"lower_bound":171.05248559249029,"upper_bound":498.58177737924746},"point_estimate":308.5137208962761,"standard_error":86.22603522757805},"median":{"confidence_interval":{"confidence_level":0.95,"lower_bound":132.55577875026904,"upper_bound":388.2504344325673},"point_estimate":210.91317247371484,"standard_error":69.42649881695041},"median_abs_dev":{"confidence_interval":{"confidence_level":0.95,"lower_bound":22.511462028434455,"upper_bound":293.95735204070155},"point_estimate":127.42840088612078,"standard_error":77.72590184491007},"slope":{"confidence_interval":{"confidence_level":0.95,"lower_bound":126.52920887825614,"upper_bound":211.83459190264338},"point_estimate":151.71123326777249,"standard_error":22.178937129782707},"std_dev":{"confidence_interval":{"confidence_level":0.95,"lower_bound":66.30021833365932,"upper_bound":417.9482923147117},"point_estimate":286.8262739590784,"standard_error":104.46999109624953}}