{"sampling_mode":"Linear","iters":[5.563977901387356e17,1.1127955802774712e18,1.6691933704162068e18,2.2255911605549425e18,2.781988950693678e18,3.3383867408324137e18,3.8947845309711493e18,4.451182321109885e18,5.007580111248621e18,5.563977901387356e18],"times":[31788961.0,30765796.0,30418847.0,30848394.0,30913509.0,31050474.0,30769032.0,30692101.0,31533729.0,30477631.0]}