{"sampling_mode":"Linear","iters":[5.581963203394417e17,1.1163926406788835e18,1.6745889610183252e18,2.232785281357767e18,2.790981601697209e18,3.3491779220366505e18,3.907374242376092e18,4.465570562715534e18,5.023766883054976e18,5.581963203394418e18],"times":[7721170.0,10424139.0,7752080.0,7700538.0,7701997.0,7681592.0,7687480.0,7685369.0,7685292.0,7684146.0]}