{"mean":{"confidence_interval":{"confidence_level":0.95,"lower_bound":2.1752377048236755e-6,"upper_bound":7.350504989918038e-6},"point_estimate":4.42262676704779e-6,"standard_error":1.3478766006606898e-6},"median":{"confidence_interval":{"confidence_level":0.95,"lower_bound":1.6567054302463277e-6,"upper_bound":6.338758054899591e-6},"point_estimate":2.420749492343027e-6,"standard_error":1.196465991775699e-6},"median_abs_dev":{"confidence_interval":{"confidence_level":0.95,"lower_bound":3.053168430279157e-7,"upper_bound":5.72547675468417e-6},"point_estimate":1.369612632410329e-6,"standard_error":1.4176590604495294e-6},"slope":{"confidence_interval":{"confidence_level":0.95,"lower_bound":1.61490371306955e-6,"upper_bound":2.77086042780055e-6},"point_estimate":1.9439947841770643e-6,"standard_error":3.040709547644417e-7},"std_dev":{"confidence_interval":{"confidence_level":0.95,"lower_bound":7.926863145725181e-7,"upper_bound":6.2473363999897265e-6},"point_estimate":4.483230516058328e-6,"standard_error":1.4485072789369405e-6}}