{"sampling_mode":"Linear","iters":[5.58931328595466e17,1.117862657190932e18,1.676793985786398e18,2.235725314381864e18,2.79465664297733e18,3.353587971572796e18,3.9125193001682616e18,4.471450628763728e18,5.030381957359194e18,5.58931328595466e18],"times":[9338618.0,8110793.0,8115449.0,12118218.0,8085936.0,10384024.0,8077163.0,13310397.0,17731719.0,9859560.0]}