{"sampling_mode":"Linear","iters":[5.5843320220503654e17,1.1168664044100731e18,1.6752996066151096e18,2.2337328088201462e18,2.7921660110251827e18,3.3505992132302193e18,3.909032415435256e18,4.4674656176402924e18,5.025898819845329e18,5.584332022050365e18],"times":[4713427.0,4959995.0,5738674.0,4119438.0,2776691.0,4645768.0,2737953.0,2734534.0,2756773.0,3532488.0]}