{"sampling_mode":"Linear","iters":[5.576304167547329e17,1.1152608335094659e18,1.6728912502641987e18,2.2305216670189317e18,2.788152083773665e18,3.3457825005283973e18,3.9034129172831304e18,4.4610433340378634e18,5.018673750792596e18,5.57630416754733e18],"times":[27460977.0,25223180.0,26442090.0,22336138.0,26395407.0,25011043.0,15629210.0,16291146.0,16160156.0,15642471.0]}