{"sampling_mode":"Linear","iters":[5.58254986698362e17,1.116509973396724e18,1.674764960095086e18,2.233019946793448e18,2.79127493349181e18,3.349529920190172e18,3.907784906888534e18,4.466039893586896e18,5.024294880285258e18,5.58254986698362e18],"times":[6019912.0,2735758.0,2449933.0,2474301.0,2452358.0,2450641.0,2451103.0,4212327.0,6367721.0,7080780.0]}