{"sampling_mode":"Linear","iters":[5.5732963375656614e17,1.1146592675131323e18,1.6719889012696986e18,2.2293185350262646e18,2.7866481687828306e18,3.343977802539397e18,3.901307436295963e18,4.458637070052529e18,5.015966703809096e18,5.573296337565661e18],"times":[19330398.0,18166102.0,15373036.0,15399056.0,15360016.0,15316236.0,20652429.0,15347577.0,15311062.0,15508411.0]}