{"sampling_mode":"Linear","iters":[5.5856469410558554e17,1.1171293882111711e18,1.6756940823167565e18,2.2342587764223421e18,2.792823470527928e18,3.351388164633513e18,3.9099528587390986e18,4.4685175528446843e18,5.02708224695027e18,5.585646941055856e18],"times":[18810656.0,15529799.0,13688505.0,13491451.0,13597720.0,13563597.0,13433566.0,13194711.0,13664188.0,13595896.0]}