{"sampling_mode":"Linear","iters":[5.5858651087699757e17,1.1171730217539951e18,1.6757595326309926e18,2.2343460435079903e18,2.7929325543849876e18,3.3515190652619853e18,3.910105576138983e18,4.4686920870159805e18,5.027278597892978e18,5.585865108769975e18],"times":[1358264.0,1359199.0,1968139.0,1516019.0,1358516.0,1357853.0,1360709.0,1359126.0,1357722.0,1363594.0]}