{"sampling_mode":"Linear","iters":[6.953386445069098e16,1.3906772890138195e17,2.0860159335207293e17,2.781354578027639e17,3.4766932225345485e17,4.1720318670414586e17,4.8673705115483686e17,5.562709156055278e17,6.258047800562188e17,6.953386445069097e17],"times":[47282154.0,46230832.0,46101115.0,46120077.0,46152228.0,50534299.0,51100961.0,63731572.0,51653348.0,46357101.0]}