{"sampling_mode":"Linear","iters":[5.5426567648125875e17,1.1085313529625175e18,1.6627970294437763e18,2.217062705925035e18,2.7713283824062935e18,3.3255940588875525e18,3.8798597353688115e18,4.43412541185007e18,4.988391088331329e18,5.542656764812587e18],"times":[36529014.0,20962167.0,16962004.0,16965001.0,16942457.0,18568423.0,16832846.0,17070780.0,17018792.0,16907750.0]}