{"sampling_mode":"Linear","iters":[5.528066591385054e17,1.1056133182770108e18,1.6584199774155162e18,2.2112266365540216e18,2.764033295692527e18,3.3168399548310323e18,3.869646613969538e18,4.4224532731080433e18,4.975259932246548e18,5.528066591385054e18],"times":[22905648.0,17581064.0,17393952.0,17336296.0,17258526.0,17486848.0,17364630.0,17464048.0,17566743.0,17445261.0]}