{"sampling_mode":"Linear","iters":[5.5799951701713197e17,1.1159990340342639e18,1.6739985510513958e18,2.2319980680685279e18,2.7899975850856596e18,3.3479971021027917e18,3.9059966191199237e18,4.4639961361370557e18,5.021995653154187e18,5.579995170171319e18],"times":[6093667.0,5869485.0,5984396.0,6255116.0,4030868.0,5080674.0,3025621.0,3019398.0,3051495.0,3014892.0]}