{"mean":{"confidence_interval":{"confidence_level":0.95,"lower_bound":2.428665391986289e-6,"upper_bound":6.934369261775746e-6},"point_estimate":4.304975189734393e-6,"standard_error":1.1829068517511693e-6},"median":{"confidence_interval":{"confidence_level":0.95,"lower_bound":2.0141362450985663e-6,"upper_bound":5.447557309066118e-6},"point_estimate":2.727913464259267e-6,"standard_error":8.764951420288646e-7},"median_abs_dev":{"confidence_interval":{"confidence_level":0.95,"lower_bound":3.171086583604307e-7,"upper_bound":4.087834355567758e-6},"point_estimate":1.5143827013836696e-6,"standard_error":1.025315484894592e-6},"slope":{"confidence_interval":{"confidence_level":0.95,"lower_bound":1.7971324170195248e-6,"upper_bound":3.011320194930284e-6},"point_estimate":2.195138367814464e-6,"standard_error":3.12814118663332e-7},"std_dev":{"confidence_interval":{"confidence_level":0.95,"lower_bound":8.259087085051078e-7,"upper_bound":5.743697299023354e-6},"point_estimate":3.941363562720454e-6,"standard_error":1.4420515289841903e-6}}