{"sampling_mode":"Linear","iters":[5.5532088114833594e17,1.1106417622966719e18,1.665962643445008e18,2.2212835245933437e18,2.7766044057416796e18,3.331925286890016e18,3.8872461680383514e18,4.4425670491866875e18,4.997887930335023e18,5.553208811483359e18],"times":[33120146.0,29464177.0,30076101.0,29501729.0,30770422.0,30058903.0,41418423.0,39724391.0,36568766.0,29986653.0]}