{"sampling_mode":"Linear","iters":[5.550942819446505e17,1.110188563889301e18,1.6652828458339515e18,2.220377127778602e18,2.7754714097232527e18,3.330565691667903e18,3.885659973612553e18,4.440754255557204e18,4.995848537501855e18,5.550942819446505e18],"times":[28186773.0,24507204.0,24404695.0,18188713.0,18025760.0,17990462.0,17939471.0,17966612.0,17995783.0,17953340.0]}