{"sampling_mode":"Linear","iters":[5.580916660885897e17,1.1161833321771794e18,1.674274998265769e18,2.2323666643543588e18,2.7904583304429486e18,3.348549996531538e18,3.9066416626201277e18,4.4647333287087176e18,5.022824994797307e18,5.580916660885897e18],"times":[4003729.0,2439526.0,6263021.0,3486500.0,3534455.0,5193645.0,2480238.0,4295853.0,3234858.0,4544504.0]}