{"sampling_mode":"Linear","iters":[5.577463553113416e17,1.1154927106226831e18,1.6732390659340247e18,2.2309854212453663e18,2.788731776556708e18,3.3464781318680494e18,3.904224487179391e18,4.4619708424907325e18,5.019717197802074e18,5.577463553113416e18],"times":[32036252.0,28809977.0,28808961.0,28613688.0,28590671.0,28537826.0,28576786.0,28865757.0,28515173.0,28602158.0]}