{"sampling_mode":"Linear","iters":[5.582892901441838e17,1.1165785802883676e18,1.6748678704325514e18,2.2331571605767352e18,2.791446450720919e18,3.349735740865103e18,3.9080250310092867e18,4.4663143211534705e18,5.024603611297655e18,5.582892901441838e18],"times":[2905070.0,3225669.0,1985852.0,1462570.0,1434538.0,1493096.0,3166571.0,2436116.0,2834715.0,3452731.0]}