{"sampling_mode":"Linear","iters":[6.937746392800877e16,1.3875492785601754e17,2.081323917840263e17,2.7750985571203507e17,3.4688731964004384e17,4.162647835680526e17,4.856422474960614e17,5.5501971142407014e17,6.243971753520788e17,6.937746392800877e17],"times":[44823176.0,42161139.0,39385410.0,38143790.0,38082429.0,56158002.0,62770284.0,60117833.0,61084495.0,62425948.0]}