{"sampling_mode":"Linear","iters":[5.5326227674034285e17,1.1065245534806857e18,1.6597868302210286e18,2.2130491069613714e18,2.7663113837017144e18,3.319573660442057e18,3.8728359371824e18,4.426098213922743e18,4.979360490663086e18,5.532622767403429e18],"times":[46437140.0,43385309.0,42713040.0,43436934.0,42831390.0,41319441.0,41293204.0,41238339.0,41173988.0,41168850.0]}