{"sampling_mode":"Linear","iters":[5.587310555825305e17,1.117462111165061e18,1.6761931667475914e18,2.234924222330122e18,2.7936552779126523e18,3.352386333495183e18,3.9111173890777134e18,4.469848444660244e18,5.028579500242774e18,5.587310555825305e18],"times":[7448647.0,7691229.0,4965574.0,6286405.0,8387259.0,3908290.0,4254468.0,3895445.0,7603907.0,6073180.0]}