{"sampling_mode":"Linear","iters":[5.585325916973615e17,1.117065183394723e18,1.6755977750920845e18,2.234130366789446e18,2.7926629584868076e18,3.351195550184169e18,3.9097281418815304e18,4.468260733578892e18,5.026793325276253e18,5.585325916973615e18],"times":[6424114.0,8059099.0,6507605.0,6523833.0,6324611.0,6310519.0,6316821.0,6313977.0,6302545.0,6318340.0]}