{"sampling_mode":"Linear","iters":[5.576467045010417e17,1.1152934090020835e18,1.6729401135031252e18,2.230586818004167e18,2.788233522505209e18,3.3458802270062505e18,3.903526931507292e18,4.461173636008334e18,5.018820340509375e18,5.576467045010418e18],"times":[13129632.0,12468542.0,11137636.0,11090791.0,9281998.0,10123429.0,10402956.0,12439666.0,12552038.0,12483050.0]}