{"mean":{"confidence_interval":{"confidence_level":0.95,"lower_bound":3.05319553698149e-12,"upper_bound":8.286363216901989e-12},"point_estimate":5.2176943853068694e-12,"standard_error":1.3856556896034931e-12},"median":{"confidence_interval":{"confidence_level":0.95,"lower_bound":2.5582914797586554e-12,"upper_bound":6.494321561360039e-12},"point_estimate":3.097961917170399e-12,"standard_error":1.1140354344140522e-12},"median_abs_dev":{"confidence_interval":{"confidence_level":0.95,"lower_bound":1.7579193357062507e-13,"upper_bound":5.021990999644401e-12},"point_estimate":1.1647588900780323e-12,"standard_error":1.2723914762441901e-12},"slope":{"confidence_interval":{"confidence_level":0.95,"lower_bound":2.6123731722272748e-12,"upper_bound":3.58582628093329e-12},"point_estimate":2.9266745499713632e-12,"standard_error":2.555345169831262e-13},"std_dev":{"confidence_interval":{"confidence_level":0.95,"lower_bound":8.175702992298607e-13,"upper_bound":6.797828720421456e-12},"point_estimate":4.609108398366432e-12,"standard_error":1.7518907593670243e-12}}