{"sampling_mode":"Linear","iters":[4287297604346738.0,8574595208693476.0,1.2861892813040214e16,1.7149190417386952e16,2.143648802173369e16,2.5723785626080428e16,3.001108323042717e16,3.4298380834773904e16,3.858567843912064e16,4.287297604346738e16],"times":[56558917.0,49281085.0,49170727.0,49125159.0,49177990.0,49450832.0,49034708.0,48982836.0,49055834.0,49339814.0]}