{"sampling_mode":"Linear","iters":[5.535274953802854e17,1.1070549907605708e18,1.660582486140856e18,2.2141099815211415e18,2.7676374769014267e18,3.321164972281712e18,3.8746924676619976e18,4.428219963042283e18,4.981747458422568e18,5.535274953802853e18],"times":[42689259.0,44220932.0,26979981.0,29422120.0,32216932.0,29278625.0,31522396.0,31763105.0,34965432.0,35401738.0]}