{"sampling_mode":"Linear","iters":[5.5564499586247994e17,1.1112899917249599e18,1.6669349875874399e18,2.2225799834499197e18,2.7782249793124e18,3.3338699751748797e18,3.8895149710373596e18,4.4451599668998395e18,5.00080496276232e18,5.5564499586248e18],"times":[29647505.0,24701881.0,24714498.0,24728928.0,24661473.0,24833478.0,24774605.0,24910786.0,24862094.0,24750683.0]}