{"sampling_mode":"Linear","iters":[5.572755580443437e17,1.1145511160886874e18,1.671826674133031e18,2.2291022321773747e18,2.7863777902217185e18,3.343653348266062e18,3.9009289063104056e18,4.4582044643547494e18,5.015480022399093e18,5.572755580443437e18],"times":[27013022.0,25765513.0,25735260.0,25856851.0,25749534.0,25719799.0,25710545.0,25835451.0,25732619.0,25709042.0]}