{"mean":{"confidence_interval":{"confidence_level":0.95,"lower_bound":3.003046868487827e-9,"upper_bound":1.134938998735475e-8},"point_estimate":6.299779133588475e-9,"standard_error":2.2775428529883646e-9},"median":{"confidence_interval":{"confidence_level":0.95,"lower_bound":2.3507719273334008e-9,"upper_bound":7.026886845927424e-9},"point_estimate":3.430895395935648e-9,"standard_error":1.3148000808566382e-9},"median_abs_dev":{"confidence_interval":{"confidence_level":0.95,"lower_bound":4.5469144119623186e-10,"upper_bound":5.451465826060789e-9},"point_estimate":1.9114680130712507e-9,"standard_error":1.4728237976019247e-9},"slope":{"confidence_interval":{"confidence_level":0.95,"lower_bound":2.2744762207989732e-9,"upper_bound":3.7454923683725445e-9},"point_estimate":2.6982360197468236e-9,"standard_error":3.85306721711451e-10},"std_dev":{"confidence_interval":{"confidence_level":0.95,"lower_bound":1.1166026973794437e-9,"upper_bound":1.1446763794971272e-8},"point_estimate":7.584737907049565e-9,"standard_error":3.2865299818124645e-9}}