{"sampling_mode":"Linear","iters":[5.58658788117363e17,1.117317576234726e18,1.675976364352089e18,2.234635152469452e18,2.793293940586815e18,3.351952728704178e18,3.910611516821541e18,4.469270304938904e18,5.027929093056267e18,5.58658788117363e18],"times":[2124852.0,2113270.0,2109267.0,2111906.0,5683371.0,2261884.0,2119136.0,2110962.0,2151587.0,2113398.0]}