{"sampling_mode":"Linear","iters":[5.5771357938202925e17,1.1154271587640585e18,1.6731407381460877e18,2.230854317528117e18,2.788567896910146e18,3.3462814762921754e18,3.9039950556742047e18,4.461708635056234e18,5.019422214438263e18,5.577135793820292e18],"times":[12221222.0,11374844.0,11275336.0,11414925.0,11264004.0,11101771.0,11088256.0,11111659.0,11238800.0,11138101.0]}