{"sampling_mode":"Linear","iters":[5.554709855813106e17,1.1109419711626212e18,1.666412956743932e18,2.2218839423252424e18,2.777354927906553e18,3.332825913487864e18,3.8882968990691743e18,4.4437678846504847e18,4.999238870231796e18,5.554709855813106e18],"times":[30127395.0,25355651.0,25471626.0,25404924.0,26656394.0,26955460.0,33669851.0,38828988.0,31233697.0,25418005.0]}