{"sampling_mode":"Linear","iters":[5.581249213207574e17,1.1162498426415148e18,1.6743747639622723e18,2.2324996852830295e18,2.790624606603787e18,3.3487495279245445e18,3.906874449245302e18,4.464999370566059e18,5.023124291886816e18,5.581249213207574e18],"times":[5326082.0,5276359.0,5343100.0,5348792.0,5356911.0,5315997.0,5324662.0,4417893.0,5336218.0,5327488.0]}