{"sampling_mode":"Linear","iters":[5.586565403078215e17,1.117313080615643e18,1.6759696209234644e18,2.234626161231286e18,2.7932827015391073e18,3.351939241846929e18,3.9105957821547505e18,4.469252322462572e18,5.027908862770393e18,5.586565403078215e18],"times":[10940365.0,4325922.0,6049905.0,2285287.0,2896271.0,4830081.0,5525551.0,5791389.0,5461838.0,2198255.0]}