{"sampling_mode":"Linear","iters":[5.5784459580556755e17,1.1156891916111351e18,1.6735337874167027e18,2.2313783832222702e18,2.789222979027838e18,3.3470675748334054e18,3.904912170638973e18,4.4627567664445404e18,5.020601362250108e18,5.578445958055676e18],"times":[50515909.0,52572652.0,58501239.0,50527854.0,33950970.0,44587441.0,44276649.0,51678005.0,46590273.0,46433385.0]}