{"sampling_mode":"Linear","iters":[5.589525461711785e17,1.117905092342357e18,1.6768576385135355e18,2.235810184684714e18,2.7947627308558925e18,3.353715277027071e18,3.9126678231982495e18,4.471620369369428e18,5.030572915540607e18,5.589525461711785e18],"times":[8317965.0,7716160.0,7795556.0,7592974.0,7821722.0,7793154.0,7781034.0,7770402.0,7783816.0,10215385.0]}