{"sampling_mode":"Linear","iters":[5.566870776940777e17,1.1133741553881554e18,1.670061233082233e18,2.2267483107763108e18,2.7834353884703887e18,3.340122466164466e18,3.8968095438585436e18,4.4534966215526216e18,5.0101836992467e18,5.566870776940777e18],"times":[44445565.0,40519096.0,40129303.0,39862725.0,40003350.0,40008057.0,39732751.0,40360307.0,40908529.0,40185812.0]}