{"sampling_mode":"Linear","iters":[5.5813593761874554e17,1.1162718752374911e18,1.6744078128562365e18,2.2325437504749821e18,2.790679688093728e18,3.348815625712473e18,3.906951563331219e18,4.4650875009499643e18,5.02322343856871e18,5.581359376187455e18],"times":[5567740.0,4728691.0,4729235.0,7668137.0,4743142.0,4738863.0,4740400.0,9791372.0,5031797.0,9428738.0]}