{"sampling_mode":"Linear","iters":[5.5721522660687866e17,1.1144304532137573e18,1.671645679820636e18,2.2288609064275146e18,2.786076133034393e18,3.343291359641272e18,3.9005065862481505e18,4.457721812855029e18,5.014937039461907e18,5.572152266068786e18],"times":[14004790.0,6921836.0,6806709.0,6753019.0,6808733.0,6853973.0,6731748.0,6909116.0,6811984.0,12051363.0]}