{"sampling_mode":"Linear","iters":[5.5408271534007194e17,1.1081654306801439e18,1.6622481460202158e18,2.2163308613602877e18,2.7704135767003597e18,3.3244962920404316e18,3.8785790073805036e18,4.4326617227205755e18,4.986744438060647e18,5.540827153400719e18],"times":[35536045.0,43002620.0,43614108.0,52727886.0,44152363.0,25545217.0,25110802.0,28496026.0,37609234.0,26561166.0]}