{"mean":{"confidence_interval":{"confidence_level":0.95,"lower_bound":7.816452796116257e-12,"upper_bound":2.448671734345214e-11},"point_estimate":1.4699179274578154e-11,"standard_error":4.412701247888689e-12},"median":{"confidence_interval":{"confidence_level":0.95,"lower_bound":6.0887984523410685e-12,"upper_bound":1.7532869778351267e-11},"point_estimate":8.967896329794945e-12,"standard_error":3.2771417579617036e-12},"median_abs_dev":{"confidence_interval":{"confidence_level":0.95,"lower_bound":1.1661715330007746e-12,"upper_bound":1.464002109051141e-11},"point_estimate":4.750224760640992e-12,"standard_error":3.7261206532638425e-12},"slope":{"confidence_interval":{"confidence_level":0.95,"lower_bound":5.899175107743996e-12,"upper_bound":9.60329904372269e-12},"point_estimate":6.983147686834911e-12,"standard_error":9.713070666844958e-13},"std_dev":{"confidence_interval":{"confidence_level":0.95,"lower_bound":2.5696968566535893e-12,"upper_bound":2.1770948044525156e-11},"point_estimate":1.4743145183781737e-11,"standard_error":5.653195454134755e-12}}