{"sampling_mode":"Linear","iters":[5.580301313297065e17,1.116060262659413e18,1.6740903939891195e18,2.232120525318826e18,2.7901506566485325e18,3.348180787978239e18,3.9062109193079455e18,4.464241050637652e18,5.022271181967358e18,5.580301313297065e18],"times":[29628501.0,26461340.0,29233829.0,25348277.0,27167372.0,27451430.0,27391025.0,27181864.0,27316277.0,27304083.0]}