{"sampling_mode":"Linear","iters":[5.541847631427084e17,1.1083695262854168e18,1.6625542894281252e18,2.2167390525708337e18,2.770923815713542e18,3.3251085788562504e18,3.879293341998959e18,4.4334781051416673e18,4.987662868284376e18,5.541847631427084e18],"times":[32203415.0,36057843.0,31351367.0,54795763.0,49702280.0,47650649.0,29773483.0,29857802.0,29751075.0,29747816.0]}