{"sampling_mode":"Linear","iters":[5.587472710430817e17,1.1174945420861635e18,1.6762418131292452e18,2.234989084172327e18,2.7937363552154086e18,3.3524836262584904e18,3.911230897301572e18,4.469978168344654e18,5.028725439387736e18,5.587472710430817e18],"times":[13101575.0,8072559.0,9439580.0,11093600.0,6122275.0,6093931.0,6091719.0,6127292.0,6131581.0,6099345.0]}