{"sampling_mode":"Linear","iters":[5.588693332705581e17,1.1177386665411162e18,1.676607999811674e18,2.2354773330822323e18,2.7943466663527905e18,3.353215999623348e18,3.9120853328939064e18,4.4709546661644646e18,5.029823999435022e18,5.588693332705581e18],"times":[3301314.0,6429506.0,5785646.0,3966349.0,5660987.0,5156925.0,5843417.0,5944247.0,6018201.0,3207676.0]}