{"sampling_mode":"Linear","iters":[2169596248098002.0,4339192496196004.0,6508788744294006.0,8678384992392008.0,1.084798124049001e16,1.3017577488588012e16,1.5187173736686014e16,1.7356769984784016e16,1.9526366232882016e16,2.169596248098002e16],"times":[9054107.0,8964121.0,12715477.0,8981024.0,8980019.0,8974981.0,9015682.0,18300253.0,9097528.0,8987296.0]}