{"sampling_mode":"Linear","iters":[5.563406631181835e17,1.112681326236367e18,1.6690219893545505e18,2.225362652472734e18,2.7817033155909176e18,3.338043978709101e18,3.8943846418272845e18,4.450725304945468e18,5.007065968063652e18,5.563406631181835e18],"times":[22716251.0,12083243.0,10218597.0,10474837.0,10249482.0,10235643.0,10276740.0,10221876.0,10212998.0,10179829.0]}