{"sampling_mode":"Linear","iters":[1.3952941526854432e17,2.7905883053708864e17,4.1858824580563296e17,5.581176610741773e17,6.976470763427215e17,8.371764916112659e17,9.767059068798103e17,1.1162353221483546e18,1.2557647374168988e18,1.395294152685443e18],"times":[47681835.0,46874458.0,46892732.0,46946132.0,46877056.0,46932589.0,46836034.0,46936682.0,46963669.0,46880722.0]}