{"mean":{"confidence_interval":{"confidence_level":0.95,"lower_bound":6.645581192196059e-12,"upper_bound":2.2927768690778144e-11},"point_estimate":1.312465530670415e-11,"standard_error":4.412706509807139e-12},"median":{"confidence_interval":{"confidence_level":0.95,"lower_bound":5.7935025211225256e-12,"upper_bound":1.5726647078815892e-11},"point_estimate":6.5732808337696114e-12,"standard_error":2.5936027537235916e-12},"median_abs_dev":{"confidence_interval":{"confidence_level":0.95,"lower_bound":2.856757931816726e-13,"upper_bound":1.1115584265535909e-11},"point_estimate":1.8088771157774172e-12,"standard_error":3.1598789646427284e-12},"slope":{"confidence_interval":{"confidence_level":0.95,"lower_bound":5.9296240154469115e-12,"upper_bound":7.928031384574626e-12},"point_estimate":6.512442760848767e-12,"standard_error":5.300234538338084e-13},"std_dev":{"confidence_interval":{"confidence_level":0.95,"lower_bound":1.8813236793389085e-12,"upper_bound":2.1977607327982224e-11},"point_estimate":1.4662341826981225e-11,"standard_error":6.27423128430015e-12}}