{"sampling_mode":"Linear","iters":[5.575258162822695e17,1.115051632564539e18,1.6725774488468086e18,2.230103265129078e18,2.7876290814113475e18,3.345154897693617e18,3.9026807139758863e18,4.460206530258156e18,5.017732346540425e18,5.575258162822695e18],"times":[29273115.0,23526324.0,19296910.0,23091446.0,19296787.0,19255177.0,19319365.0,27761521.0,29070245.0,34032196.0]}