{"sampling_mode":"Linear","iters":[5.581227998440226e17,1.1162455996880452e18,1.6743683995320678e18,2.2324911993760904e18,2.790613999220113e18,3.3487367990641357e18,3.906859598908158e18,4.4649823987521807e18,5.023105198596204e18,5.581227998440226e18],"times":[8212764.0,5859114.0,5933833.0,9179517.0,9707586.0,5911346.0,5897468.0,5926232.0,5897335.0,5890419.0]}