{"sampling_mode":"Linear","iters":[5.52922026133886e17,1.105844052267772e18,1.658766078401658e18,2.211688104535544e18,2.7646101306694303e18,3.317532156803316e18,3.870454182937202e18,4.423376209071088e18,4.976298235204975e18,5.529220261338861e18],"times":[40480486.0,29881753.0,28358991.0,28538237.0,27547075.0,29332127.0,39242448.0,27812703.0,27837619.0,27434922.0]}