{"mean":{"confidence_interval":{"confidence_level":0.95,"lower_bound":9.695240471696248e-13,"upper_bound":3.0439142676548633e-12},"point_estimate":1.8626666205750157e-12,"standard_error":5.381726091198506e-13},"median":{"confidence_interval":{"confidence_level":0.95,"lower_bound":7.348514980017208e-13,"upper_bound":2.4491939336703043e-12},"point_estimate":1.2411512547818069e-12,"standard_error":4.685769920864972e-13},"median_abs_dev":{"confidence_interval":{"confidence_level":0.95,"lower_bound":1.0167188274330275e-13,"upper_bound":2.1348985430173953e-12},"point_estimate":7.627186478425621e-13,"standard_error":5.520285782470662e-13},"slope":{"confidence_interval":{"confidence_level":0.95,"lower_bound":6.713688249778031e-13,"upper_bound":1.242573867488137e-12},"point_estimate":8.54421549057638e-13,"standard_error":1.479715108933943e-13},"std_dev":{"confidence_interval":{"confidence_level":0.95,"lower_bound":3.881703740081296e-13,"upper_bound":2.539397929125161e-12},"point_estimate":1.7917563276569869e-12,"standard_error":5.882702669036982e-13}}