{"sampling_mode":"Linear","iters":[5.521475835797592e17,1.1042951671595185e18,1.6564427507392778e18,2.208590334319037e18,2.760737917898796e18,3.3128855014785556e18,3.865033085058315e18,4.417180668638074e18,4.969328252217833e18,5.521475835797592e18],"times":[36789350.0,37406450.0,34054078.0,34050896.0,34145927.0,34061833.0,33938513.0,34107645.0,34181920.0,37063472.0]}