{"sampling_mode":"Linear","iters":[5.557659293284164e17,1.1115318586568328e18,1.6672977879852493e18,2.2230637173136655e18,2.778829646642082e18,3.3345955759704986e18,3.890361505298915e18,4.446127434627331e18,5.001893363955748e18,5.557659293284164e18],"times":[18309653.0,22011642.0,16924550.0,18015774.0,24694667.0,22383970.0,16769062.0,26553240.0,33743664.0,26169344.0]}