{"sampling_mode":"Linear","iters":[5.589155739235707e17,1.1178311478471414e18,1.676746721770712e18,2.2356622956942828e18,2.7945778696178534e18,3.353493443541424e18,3.912409017464995e18,4.4713245913885655e18,5.030240165312136e18,5.589155739235707e18],"times":[8155367.0,9941794.0,8138732.0,8153930.0,8149832.0,8121191.0,8132436.0,8169320.0,8118906.0,8178614.0]}