{"sampling_mode":"Linear","iters":[6.8858906839365e16,1.3771781367873e17,2.06576720518095e17,2.7543562735746e17,3.44294534196825e17,4.1315344103619e17,4.82012347875555e17,5.5087125471492e17,6.19730161554285e17,6.8858906839365e17],"times":[50559672.0,49089563.0,53086298.0,61420972.0,43296179.0,74130623.0,61199085.0,45825863.0,58842670.0,53456434.0]}