{"sampling_mode":"Linear","iters":[5.581241235128434e17,1.1162482470256868e18,1.6743723705385303e18,2.2324964940513736e18,2.790620617564217e18,3.3487447410770606e18,3.906868864589904e18,4.464992988102747e18,5.02311711161559e18,5.581241235128434e18],"times":[31130457.0,27120283.0,31153912.0,27113568.0,27195575.0,27088162.0,27129539.0,27147482.0,27187401.0,27299170.0]}