{"sampling_mode":"Linear","iters":[5.589347435008813e17,1.1178694870017626e18,1.6768042305026437e18,2.235738974003525e18,2.7946737175044065e18,3.3536084610052874e18,3.912543204506169e18,4.47147794800705e18,5.030412691507931e18,5.589347435008813e18],"times":[9626582.0,5371222.0,5420763.0,5416519.0,6406843.0,5487049.0,5619390.0,5437185.0,5421800.0,5469003.0]}