{"sampling_mode":"Linear","iters":[5.5768019622290694e17,1.1153603924458139e18,1.673040588668721e18,2.2307207848916278e18,2.788400981114535e18,3.346081177337442e18,3.9037613735603487e18,4.4614415697832556e18,5.019121766006162e18,5.57680196222907e18],"times":[21009770.0,16795886.0,17910701.0,18078612.0,17870422.0,18035096.0,15084095.0,15086463.0,15058142.0,15083452.0]}