{"sampling_mode":"Linear","iters":[5.569973168072555e17,1.113994633614511e18,1.6709919504217664e18,2.227989267229022e18,2.784986584036277e18,3.341983900843533e18,3.8989812176507884e18,4.455978534458044e18,5.012975851265299e18,5.569973168072554e18],"times":[5522632.0,11420759.0,10544484.0,8286227.0,5477509.0,5430831.0,5434961.0,5434683.0,5433944.0,5427808.0]}