{"sampling_mode":"Linear","iters":[5.5868864784596883e17,1.1173772956919377e18,1.6760659435379064e18,2.2347545913838753e18,2.793443239229844e18,3.352131887075813e18,3.910820534921782e18,4.4695091827677507e18,5.028197830613719e18,5.586886478459688e18],"times":[7695425.0,5110369.0,4565138.0,4518913.0,4580053.0,4524732.0,8588483.0,8609837.0,8182063.0,7667477.0]}