{"sampling_mode":"Linear","iters":[5.589459691484488e17,1.1178919382968975e18,1.6768379074453463e18,2.235783876593795e18,2.794729845742244e18,3.3536758148906926e18,3.9126217840391414e18,4.47156775318759e18,5.030513722336039e18,5.589459691484488e18],"times":[437509.0,404602.0,403628.0,404338.0,403268.0,403111.0,403063.0,404270.0,419549.0,404990.0]}