{"sampling_mode":"Linear","iters":[5.57765909851341e17,1.115531819702682e18,1.673297729554023e18,2.231063639405364e18,2.788829549256705e18,3.346595459108046e18,3.904361368959387e18,4.462127278810728e18,5.019893188662069e18,5.57765909851341e18],"times":[5581341.0,7599880.0,5036754.0,4950991.0,4913495.0,4951790.0,4912275.0,4929604.0,4920068.0,4942925.0]}