{"sampling_mode":"Linear","iters":[5.563956598037409e17,1.1127913196074819e18,1.6691869794112228e18,2.2255826392149637e18,2.781978299018705e18,3.3383739588224456e18,3.894769618626186e18,4.4511652784299274e18,5.007560938233669e18,5.56395659803741e18],"times":[31348659.0,29448071.0,28750305.0,33107731.0,23627601.0,26831350.0,26787749.0,23968530.0,45384972.0,52181076.0]}