{"mean":{"confidence_interval":{"confidence_level":0.95,"lower_bound":109.85375440045217,"upper_bound":341.98954270270633},"point_estimate":208.75303530589582,"standard_error":60.33061357485755},"median":{"confidence_interval":{"confidence_level":0.95,"lower_bound":81.17494828529082,"upper_bound":285.1427652905138},"point_estimate":117.20292627318577,"standard_error":57.72884815167984},"median_abs_dev":{"confidence_interval":{"confidence_level":0.95,"lower_bound":11.803650047365696,"upper_bound":242.35043016156823},"point_estimate":69.5559084102791,"standard_error":65.79524410430433},"slope":{"confidence_interval":{"confidence_level":0.95,"lower_bound":80.46527496248808,"upper_bound":138.12350549719608},"point_estimate":96.535071934319,"standard_error":15.175396337748886},"std_dev":{"confidence_interval":{"confidence_level":0.95,"lower_bound":54.95255913915553,"upper_bound":289.5535222052898},"point_estimate":200.96356999492295,"standard_error":68.49677758862802}}