{"sampling_mode":"Linear","iters":[5.588140319710299e17,1.1176280639420598e18,1.6764420959130895e18,2.2352561278841196e18,2.7940701598551496e18,3.352884191826179e18,3.911698223797209e18,4.470512255768239e18,5.029326287739269e18,5.588140319710299e18],"times":[3356907.0,4128853.0,3376418.0,4420957.0,3422070.0,3369611.0,3377391.0,3333915.0,3337523.0,3335330.0]}