{"sampling_mode":"Linear","iters":[5.534402952497668e17,1.1068805904995336e18,1.6603208857493002e18,2.2137611809990671e18,2.767201476248834e18,3.3206417714986004e18,3.8740820667483674e18,4.4275223619981343e18,4.980962657247901e18,5.534402952497668e18],"times":[44707052.0,31099040.0,30553763.0,23574862.0,23034572.0,23433903.0,23422421.0,23449446.0,23384178.0,23214856.0]}