{"sampling_mode":"Linear","iters":[5.577114137343692e17,1.1154228274687384e18,1.6731342412031076e18,2.2308456549374769e18,2.788557068671846e18,3.346268482406215e18,3.9039798961405844e18,4.4616913098749537e18,5.019402723609322e18,5.577114137343692e18],"times":[17647250.0,13151257.0,16217299.0,16444981.0,13540947.0,12707862.0,16405102.0,12866305.0,16013887.0,13161671.0]}