{"sampling_mode":"Linear","iters":[5.5714887859261997e17,1.1142977571852399e18,1.6714466357778598e18,2.2285955143704799e18,2.7857443929630996e18,3.3428932715557197e18,3.9000421501483397e18,4.4571910287409597e18,5.01433990733358e18,5.571488785926199e18],"times":[13139749.0,11995571.0,11063721.0,13844310.0,11761423.0,8672311.0,8661177.0,8650861.0,8641477.0,8633740.0]}