{"sampling_mode":"Linear","iters":[5.583871807758739e17,1.1167743615517478e18,1.6751615423276216e18,2.2335487231034957e18,2.7919359038793697e18,3.3503230846552433e18,3.9087102654311173e18,4.4670974462069914e18,5.025484626982865e18,5.583871807758739e18],"times":[18512030.0,15768591.0,10309203.0,9319105.0,9326367.0,9299421.0,9301210.0,9300326.0,9350469.0,10998503.0]}