{"sampling_mode":"Linear","iters":[5.5628074576353696e17,1.1125614915270739e18,1.668842237290611e18,2.2251229830541478e18,2.781403728817685e18,3.337684474581222e18,3.893965220344759e18,4.4502459661082957e18,5.006526711871833e18,5.56280745763537e18],"times":[17574887.0,13376077.0,11027221.0,11048032.0,15463885.0,19363277.0,19367051.0,19431815.0,19376212.0,19365276.0]}