{"sampling_mode":"Linear","iters":[5.583984197671528e17,1.1167968395343055e18,1.6751952593014584e18,2.233593679068611e18,2.7919920988357637e18,3.350390518602917e18,3.9087889383700695e18,4.467187358137222e18,5.025585777904375e18,5.583984197671527e18],"times":[4427597.0,4410623.0,4426909.0,4408659.0,4415833.0,4407476.0,4391853.0,4407400.0,4405600.0,4458163.0]}