{"mean":{"confidence_interval":{"confidence_level":0.95,"lower_bound":3.1267229461919725e-8,"upper_bound":8.096941500913757e-8},"point_estimate":5.3145261975878786e-8,"standard_error":1.2861703261864219e-8},"median":{"confidence_interval":{"confidence_level":0.95,"lower_bound":2.4119749690204e-8,"upper_bound":7.816362869490053e-8},"point_estimate":3.945247704045199e-8,"standard_error":1.1982710120725636e-8},"median_abs_dev":{"confidence_interval":{"confidence_level":0.95,"lower_bound":4.816396188668167e-9,"upper_bound":5.207255618552228e-8},"point_estimate":1.9449307618379387e-8,"standard_error":1.2886305494033245e-8},"slope":{"confidence_interval":{"confidence_level":0.95,"lower_bound":2.2802053604632203e-8,"upper_bound":3.978155468427486e-8},"point_estimate":2.8155729205439613e-8,"standard_error":4.4020799726143215e-9},"std_dev":{"confidence_interval":{"confidence_level":0.95,"lower_bound":1.1457821673517932e-8,"upper_bound":5.869205728886929e-8},"point_estimate":4.294581105676307e-8,"standard_error":1.2909539064805182e-8}}