{"mean":{"confidence_interval":{"confidence_level":0.95,"lower_bound":3.142877508301324,"upper_bound":10.593260650606801},"point_estimate":6.173628327413416,"standard_error":1.9927526395476414},"median":{"confidence_interval":{"confidence_level":0.95,"lower_bound":2.5354300378467167,"upper_bound":7.602495970880909},"point_estimate":3.4835747737351177,"standard_error":1.3400240511028445},"median_abs_dev":{"confidence_interval":{"confidence_level":0.95,"lower_bound":0.3284341803405446,"upper_bound":6.08775839530191},"point_estimate":1.7416542189140638,"standard_error":1.5778417854487066},"slope":{"confidence_interval":{"confidence_level":0.95,"lower_bound":2.5265956108394296,"upper_bound":3.8378879283115257},"point_estimate":2.9026145597841784,"standard_error":0.34346856428079625},"std_dev":{"confidence_interval":{"confidence_level":0.95,"lower_bound":1.046432554295345,"upper_bound":9.794822506268474},"point_estimate":6.608687577285666,"standard_error":2.6352937072851588}}