{"sampling_mode":"Linear","iters":[5.586761084706186e17,1.1173522169412372e18,1.676028325411856e18,2.2347044338824745e18,2.793380542353093e18,3.352056650823712e18,3.9107327592943304e18,4.469408867764949e18,5.028084976235567e18,5.586761084706186e18],"times":[3715105.0,1654800.0,3558023.0,3763437.0,2419541.0,1468674.0,2942599.0,1498635.0,2359235.0,1776517.0]}