{"sampling_mode":"Linear","iters":[5.560966082820261e17,1.1121932165640522e18,1.6682898248460785e18,2.2243864331281044e18,2.7804830414101304e18,3.336579649692157e18,3.892676257974183e18,4.448772866256209e18,5.004869474538235e18,5.560966082820261e18],"times":[36828673.0,35509547.0,32543254.0,34012364.0,32544860.0,32551188.0,32637837.0,32700770.0,38040856.0,44764042.0]}