{"sampling_mode":"Linear","iters":[5.589565016254123e17,1.1179130032508246e18,1.6768695048762368e18,2.2358260065016492e18,2.7947825081270615e18,3.3537390097524736e18,3.912695511377886e18,4.4716520130032983e18,5.03060851462871e18,5.589565016254123e18],"times":[825287.0,828784.0,818850.0,821917.0,822433.0,819310.0,821652.0,819737.0,1892714.0,1416663.0]}