{"sampling_mode":"Linear","iters":[5.587538098795905e17,1.117507619759181e18,1.6762614296387717e18,2.235015239518362e18,2.7937690493979525e18,3.3525228592775434e18,3.911276669157134e18,4.470030479036724e18,5.028784288916315e18,5.587538098795905e18],"times":[3003577.0,3034565.0,3227180.0,3609970.0,2180379.0,2510017.0,2573951.0,2876832.0,3040173.0,3058821.0]}