{"sampling_mode":"Linear","iters":[5.587794232702233e17,1.1175588465404466e18,1.6763382698106698e18,2.2351176930808932e18,2.7938971163511163e18,3.3526765396213396e18,3.911455962891563e18,4.4702353861617864e18,5.02901480943201e18,5.587794232702233e18],"times":[2567281.0,1061177.0,1068940.0,1065808.0,1061507.0,1068080.0,1089101.0,1143765.0,1083628.0,1065978.0]}