{"sampling_mode":"Linear","iters":[5.588089834380164e17,1.1176179668760328e18,1.676426950314049e18,2.2352359337520655e18,2.794044917190082e18,3.352853900628098e18,3.9116628840661146e18,4.470471867504131e18,5.029280850942148e18,5.588089834380164e18],"times":[977332.0,976678.0,977216.0,2002920.0,1059196.0,973162.0,977480.0,972696.0,977191.0,977736.0]}