{"mean":{"confidence_interval":{"confidence_level":0.95,"lower_bound":1.2823583350824588,"upper_bound":3.707646234905126},"point_estimate":2.3152043473722452,"standard_error":0.6340274249826403},"median":{"confidence_interval":{"confidence_level":0.95,"lower_bound":0.9633071867392557,"upper_bound":3.02929730268524},"point_estimate":1.4171579220322945,"standard_error":0.5914848820225949},"median_abs_dev":{"confidence_interval":{"confidence_level":0.95,"lower_bound":0.181563890568557,"upper_bound":2.489313455751663},"point_estimate":0.870462477433712,"standard_error":0.647605806135427},"slope":{"confidence_interval":{"confidence_level":0.95,"lower_bound":0.9425262018012887,"upper_bound":1.5807418390454948},"point_estimate":1.1271321552143645,"standard_error":0.16857919078924147},"std_dev":{"confidence_interval":{"confidence_level":0.95,"lower_bound":0.570552382570542,"upper_bound":3.054979343620607},"point_estimate":2.114823826618658,"standard_error":0.7291896862215428}}