{"sampling_mode":"Linear","iters":[5.572872362473608e17,1.1145744724947215e18,1.6718617087420823e18,2.229148944989443e18,2.7864361812368036e18,3.3437234174841646e18,3.9010106537315256e18,4.458297889978886e18,5.015585126226247e18,5.572872362473607e18],"times":[22329815.0,20126070.0,20012476.0,20006836.0,20550384.0,19976206.0,19980416.0,19871303.0,20474296.0,19989391.0]}