{"sampling_mode":"Linear","iters":[5.58262560506829e17,1.116525121013658e18,1.674787681520487e18,2.233050242027316e18,2.791312802534145e18,3.349575363040974e18,3.907837923547803e18,4.466100484054632e18,5.024363044561461e18,5.58262560506829e18],"times":[24488376.0,23824605.0,23818943.0,23830592.0,23795614.0,23811996.0,23794885.0,23829016.0,23852871.0,24987439.0]}