{"mean":{"confidence_interval":{"confidence_level":0.95,"lower_bound":0.05684166266547348,"upper_bound":0.157411132913597},"point_estimate":0.10169928586740329,"standard_error":0.025923549439789213},"median":{"confidence_interval":{"confidence_level":0.95,"lower_bound":0.03542032721233949,"upper_bound":0.1523616538073927},"point_estimate":0.0747158913145601,"standard_error":0.03143229234831131},"median_abs_dev":{"confidence_interval":{"confidence_level":0.95,"lower_bound":0.00426944456388186,"upper_bound":0.13277960750489382},"point_estimate":0.06039432458557852,"standard_error":0.03284241347977592},"slope":{"confidence_interval":{"confidence_level":0.95,"lower_bound":0.037889519816236374,"upper_bound":0.07385525558623547},"point_estimate":0.048218739529067266,"standard_error":0.00944098796978382},"std_dev":{"confidence_interval":{"confidence_level":0.95,"lower_bound":0.03226774125605276,"upper_bound":0.12036189413799518},"point_estimate":0.08627754577392396,"standard_error":0.025015244423939906}}